 time            Vin             Vout           
 0.00000000e+00  9.00000000e-01  3.92300719e-01 
 1.00000000e-11  9.00000000e-01  3.92300719e-01 
 2.00000000e-11  9.00000000e-01  3.92300719e-01 
 4.00000000e-11  9.00000000e-01  3.92300719e-01 
 8.00000000e-11  9.00000000e-01  3.92300719e-01 
 1.60000000e-10  9.00000000e-01  3.92300719e-01 
 3.20000000e-10  9.00000000e-01  3.92300719e-01 
 6.40000000e-10  9.00000000e-01  3.92300719e-01 
 1.28000000e-09  9.00000000e-01  3.92300719e-01 
 2.28000000e-09  9.00000000e-01  3.92300719e-01 
 3.28000000e-09  9.00000000e-01  3.92300719e-01 
 4.28000000e-09  9.00000000e-01  3.92300719e-01 
 5.28000000e-09  9.00000000e-01  3.92300719e-01 
 6.28000000e-09  9.00000000e-01  3.92300719e-01 
 7.28000000e-09  9.00000000e-01  3.92300719e-01 
 8.28000000e-09  9.00000000e-01  3.92300719e-01 
 9.28000000e-09  9.00000000e-01  3.92300719e-01 
 1.02800000e-08  9.00000000e-01  3.92300719e-01 
 1.12800000e-08  9.00000000e-01  3.92300719e-01 
 1.22800000e-08  9.00000000e-01  3.92300719e-01 
 1.32800000e-08  9.00000000e-01  3.92300719e-01 
 1.42800000e-08  9.00000000e-01  3.92300719e-01 
 1.52800000e-08  9.00000000e-01  3.92300719e-01 
 1.62800000e-08  9.00000000e-01  3.92300719e-01 
 1.72800000e-08  9.00000000e-01  3.92300719e-01 
 1.82800000e-08  9.00000000e-01  3.92300719e-01 
 1.92800000e-08  9.00000000e-01  3.92300719e-01 
 2.02800000e-08  9.00000000e-01  3.92300719e-01 
 2.12800000e-08  9.00000000e-01  3.92300719e-01 
 2.22800000e-08  9.00000000e-01  3.92300719e-01 
 2.32800000e-08  9.00000000e-01  3.92300719e-01 
 2.42800000e-08  9.00000000e-01  3.92300719e-01 
 2.52800000e-08  9.00000000e-01  3.92300719e-01 
 2.62800000e-08  9.00000000e-01  3.92300719e-01 
 2.72800000e-08  9.00000000e-01  3.92300719e-01 
 2.82800000e-08  9.00000000e-01  3.92300719e-01 
 2.92800000e-08  9.00000000e-01  3.92300719e-01 
 3.02800000e-08  9.00000000e-01  3.92300719e-01 
 3.12800000e-08  9.00000000e-01  3.92300719e-01 
 3.22800000e-08  9.00000000e-01  3.92300719e-01 
 3.32800000e-08  9.00000000e-01  3.92300719e-01 
 3.42800000e-08  9.00000000e-01  3.92300719e-01 
 3.52800000e-08  9.00000000e-01  3.92300719e-01 
 3.62800000e-08  9.00000000e-01  3.92300719e-01 
 3.72800000e-08  9.00000000e-01  3.92300719e-01 
 3.82800000e-08  9.00000000e-01  3.92300719e-01 
 3.92800000e-08  9.00000000e-01  3.92300719e-01 
 4.02800000e-08  9.00000000e-01  3.92300719e-01 
 4.12800000e-08  9.00000000e-01  3.92300719e-01 
 4.22800000e-08  9.00000000e-01  3.92300719e-01 
 4.32800000e-08  9.00000000e-01  3.92300719e-01 
 4.42800000e-08  9.00000000e-01  3.92300719e-01 
 4.52800000e-08  9.00000000e-01  3.92300719e-01 
 4.62800000e-08  9.00000000e-01  3.92300719e-01 
 4.72800000e-08  9.00000000e-01  3.92300719e-01 
 4.82800000e-08  9.00000000e-01  3.92300719e-01 
 4.92800000e-08  9.00000000e-01  3.92300719e-01 
 5.02800000e-08  9.00000000e-01  3.92300719e-01 
 5.12800000e-08  9.00000000e-01  3.92300719e-01 
 5.22800000e-08  9.00000000e-01  3.92300719e-01 
 5.32800000e-08  9.00000000e-01  3.92300719e-01 
 5.42800000e-08  9.00000000e-01  3.92300719e-01 
 5.52800000e-08  9.00000000e-01  3.92300719e-01 
 5.62800000e-08  9.00000000e-01  3.92300719e-01 
 5.72800000e-08  9.00000000e-01  3.92300719e-01 
 5.82800000e-08  9.00000000e-01  3.92300719e-01 
 5.92800000e-08  9.00000000e-01  3.92300719e-01 
 6.02800000e-08  9.00000000e-01  3.92300719e-01 
 6.12800000e-08  9.00000000e-01  3.92300719e-01 
 6.22800000e-08  9.00000000e-01  3.92300719e-01 
 6.32800000e-08  9.00000000e-01  3.92300719e-01 
 6.42800000e-08  9.00000000e-01  3.92300719e-01 
 6.52800000e-08  9.00000000e-01  3.92300719e-01 
 6.62800000e-08  9.00000000e-01  3.92300719e-01 
 6.72800000e-08  9.00000000e-01  3.92300719e-01 
 6.82800000e-08  9.00000000e-01  3.92300719e-01 
 6.92800000e-08  9.00000000e-01  3.92300719e-01 
 7.02800000e-08  9.00000000e-01  3.92300719e-01 
 7.12800000e-08  9.00000000e-01  3.92300719e-01 
 7.22800000e-08  9.00000000e-01  3.92300719e-01 
 7.32800000e-08  9.00000000e-01  3.92300719e-01 
 7.42800000e-08  9.00000000e-01  3.92300719e-01 
 7.52800000e-08  9.00000000e-01  3.92300719e-01 
 7.62800000e-08  9.00000000e-01  3.92300719e-01 
 7.72800000e-08  9.00000000e-01  3.92300719e-01 
 7.82800000e-08  9.00000000e-01  3.92300719e-01 
 7.92800000e-08  9.00000000e-01  3.92300719e-01 
 8.02800000e-08  9.00000000e-01  3.92300719e-01 
 8.12800000e-08  9.00000000e-01  3.92300719e-01 
 8.22800000e-08  9.00000000e-01  3.92300719e-01 
 8.32800000e-08  9.00000000e-01  3.92300719e-01 
 8.42800000e-08  9.00000000e-01  3.92300719e-01 
 8.52800000e-08  9.00000000e-01  3.92300719e-01 
 8.62800000e-08  9.00000000e-01  3.92300719e-01 
 8.72800000e-08  9.00000000e-01  3.92300719e-01 
 8.82800000e-08  9.00000000e-01  3.92300719e-01 
 8.92800000e-08  9.00000000e-01  3.92300719e-01 
 9.02800000e-08  9.00000000e-01  3.92300719e-01 
 9.12800000e-08  9.00000000e-01  3.92300719e-01 
 9.22800000e-08  9.00000000e-01  3.92300719e-01 
 9.32800000e-08  9.00000000e-01  3.92300719e-01 
 9.42800000e-08  9.00000000e-01  3.92300719e-01 
 9.52800000e-08  9.00000000e-01  3.92300719e-01 
 9.62800000e-08  9.00000000e-01  3.92300719e-01 
 9.72800000e-08  9.00000000e-01  3.92300719e-01 
 9.82800000e-08  9.00000000e-01  3.92300719e-01 
 9.92800000e-08  9.00000000e-01  3.92300719e-01 
 1.00280000e-07  9.00000000e-01  3.92300719e-01 
 1.01280000e-07  9.00000000e-01  3.92300719e-01 
 1.02280000e-07  9.00000000e-01  3.92300719e-01 
 1.03280000e-07  9.00000000e-01  3.92300719e-01 
 1.04280000e-07  9.00000000e-01  3.92300719e-01 
 1.05280000e-07  9.00000000e-01  3.92300719e-01 
 1.06280000e-07  9.00000000e-01  3.92300719e-01 
 1.07280000e-07  9.00000000e-01  3.92300719e-01 
 1.08280000e-07  9.00000000e-01  3.92300719e-01 
 1.09280000e-07  9.00000000e-01  3.92300719e-01 
 1.10280000e-07  9.00000000e-01  3.92300719e-01 
 1.11280000e-07  9.00000000e-01  3.92300719e-01 
 1.12280000e-07  9.00000000e-01  3.92300719e-01 
 1.13280000e-07  9.00000000e-01  3.92300719e-01 
 1.14280000e-07  9.00000000e-01  3.92300719e-01 
 1.15280000e-07  9.00000000e-01  3.92300719e-01 
 1.16280000e-07  9.00000000e-01  3.92300719e-01 
 1.17280000e-07  9.00000000e-01  3.92300719e-01 
 1.18280000e-07  9.00000000e-01  3.92300719e-01 
 1.19280000e-07  9.00000000e-01  3.92300719e-01 
 1.20280000e-07  9.00000000e-01  3.92300719e-01 
 1.21280000e-07  9.00000000e-01  3.92300719e-01 
 1.22280000e-07  9.00000000e-01  3.92300719e-01 
 1.23280000e-07  9.00000000e-01  3.92300719e-01 
 1.24280000e-07  9.00000000e-01  3.92300719e-01 
 1.25280000e-07  9.00000000e-01  3.92300719e-01 
 1.26280000e-07  9.00000000e-01  3.92300719e-01 
 1.27280000e-07  9.00000000e-01  3.92300719e-01 
 1.28280000e-07  9.00000000e-01  3.92300719e-01 
 1.29280000e-07  9.00000000e-01  3.92300719e-01 
 1.30280000e-07  9.00000000e-01  3.92300719e-01 
 1.31280000e-07  9.00000000e-01  3.92300719e-01 
 1.32280000e-07  9.00000000e-01  3.92300719e-01 
 1.33280000e-07  9.00000000e-01  3.92300719e-01 
 1.34280000e-07  9.00000000e-01  3.92300719e-01 
 1.35280000e-07  9.00000000e-01  3.92300719e-01 
 1.36280000e-07  9.00000000e-01  3.92300719e-01 
 1.37280000e-07  9.00000000e-01  3.92300719e-01 
 1.38280000e-07  9.00000000e-01  3.92300719e-01 
 1.39280000e-07  9.00000000e-01  3.92300719e-01 
 1.40280000e-07  9.00000000e-01  3.92300719e-01 
 1.41280000e-07  9.00000000e-01  3.92300719e-01 
 1.42280000e-07  9.00000000e-01  3.92300719e-01 
 1.43280000e-07  9.00000000e-01  3.92300719e-01 
 1.44280000e-07  9.00000000e-01  3.92300719e-01 
 1.45280000e-07  9.00000000e-01  3.92300719e-01 
 1.46280000e-07  9.00000000e-01  3.92300719e-01 
 1.47280000e-07  9.00000000e-01  3.92300719e-01 
 1.48280000e-07  9.00000000e-01  3.92300719e-01 
 1.49280000e-07  9.00000000e-01  3.92300719e-01 
 1.50280000e-07  9.00000000e-01  3.92300719e-01 
 1.51280000e-07  9.00000000e-01  3.92300719e-01 
 1.52280000e-07  9.00000000e-01  3.92300719e-01 
 1.53280000e-07  9.00000000e-01  3.92300719e-01 
 1.54280000e-07  9.00000000e-01  3.92300719e-01 
 1.55280000e-07  9.00000000e-01  3.92300719e-01 
 1.56280000e-07  9.00000000e-01  3.92300719e-01 
 1.57280000e-07  9.00000000e-01  3.92300719e-01 
 1.58280000e-07  9.00000000e-01  3.92300719e-01 
 1.59280000e-07  9.00000000e-01  3.92300719e-01 
 1.60280000e-07  9.00000000e-01  3.92300719e-01 
 1.61280000e-07  9.00000000e-01  3.92300719e-01 
 1.62280000e-07  9.00000000e-01  3.92300719e-01 
 1.63280000e-07  9.00000000e-01  3.92300719e-01 
 1.64280000e-07  9.00000000e-01  3.92300719e-01 
 1.65280000e-07  9.00000000e-01  3.92300719e-01 
 1.66280000e-07  9.00000000e-01  3.92300719e-01 
 1.67280000e-07  9.00000000e-01  3.92300719e-01 
 1.68280000e-07  9.00000000e-01  3.92300719e-01 
 1.69280000e-07  9.00000000e-01  3.92300719e-01 
 1.70280000e-07  9.00000000e-01  3.92300719e-01 
 1.71280000e-07  9.00000000e-01  3.92300719e-01 
 1.72280000e-07  9.00000000e-01  3.92300719e-01 
 1.73280000e-07  9.00000000e-01  3.92300719e-01 
 1.74280000e-07  9.00000000e-01  3.92300719e-01 
 1.75280000e-07  9.00000000e-01  3.92300719e-01 
 1.76280000e-07  9.00000000e-01  3.92300719e-01 
 1.77280000e-07  9.00000000e-01  3.92300719e-01 
 1.78280000e-07  9.00000000e-01  3.92300719e-01 
 1.79280000e-07  9.00000000e-01  3.92300719e-01 
 1.80280000e-07  9.00000000e-01  3.92300719e-01 
 1.81280000e-07  9.00000000e-01  3.92300719e-01 
 1.82280000e-07  9.00000000e-01  3.92300719e-01 
 1.83280000e-07  9.00000000e-01  3.92300719e-01 
 1.84280000e-07  9.00000000e-01  3.92300719e-01 
 1.85280000e-07  9.00000000e-01  3.92300719e-01 
 1.86280000e-07  9.00000000e-01  3.92300719e-01 
 1.87280000e-07  9.00000000e-01  3.92300719e-01 
 1.88280000e-07  9.00000000e-01  3.92300719e-01 
 1.89280000e-07  9.00000000e-01  3.92300719e-01 
 1.90280000e-07  9.00000000e-01  3.92300719e-01 
 1.91280000e-07  9.00000000e-01  3.92300719e-01 
 1.92280000e-07  9.00000000e-01  3.92300719e-01 
 1.93280000e-07  9.00000000e-01  3.92300719e-01 
 1.94280000e-07  9.00000000e-01  3.92300719e-01 
 1.95280000e-07  9.00000000e-01  3.92300719e-01 
 1.96280000e-07  9.00000000e-01  3.92300719e-01 
 1.97280000e-07  9.00000000e-01  3.92300719e-01 
 1.98280000e-07  9.00000000e-01  3.92300719e-01 
 1.99280000e-07  9.00000000e-01  3.92300719e-01 
 2.00280000e-07  9.00000000e-01  3.92300719e-01 
 2.01280000e-07  9.00000000e-01  3.92300719e-01 
 2.02280000e-07  9.00000000e-01  3.92300719e-01 
 2.03280000e-07  9.00000000e-01  3.92300719e-01 
 2.04280000e-07  9.00000000e-01  3.92300719e-01 
 2.05280000e-07  9.00000000e-01  3.92300719e-01 
 2.06280000e-07  9.00000000e-01  3.92300719e-01 
 2.07280000e-07  9.00000000e-01  3.92300719e-01 
 2.08280000e-07  9.00000000e-01  3.92300719e-01 
 2.09280000e-07  9.00000000e-01  3.92300719e-01 
 2.10280000e-07  9.00000000e-01  3.92300719e-01 
 2.11280000e-07  9.00000000e-01  3.92300719e-01 
 2.12280000e-07  9.00000000e-01  3.92300719e-01 
 2.13280000e-07  9.00000000e-01  3.92300719e-01 
 2.14280000e-07  9.00000000e-01  3.92300719e-01 
 2.15280000e-07  9.00000000e-01  3.92300719e-01 
 2.16280000e-07  9.00000000e-01  3.92300719e-01 
 2.17280000e-07  9.00000000e-01  3.92300719e-01 
 2.18280000e-07  9.00000000e-01  3.92300719e-01 
 2.19280000e-07  9.00000000e-01  3.92300719e-01 
 2.20280000e-07  9.00000000e-01  3.92300719e-01 
 2.21280000e-07  9.00000000e-01  3.92300719e-01 
 2.22280000e-07  9.00000000e-01  3.92300719e-01 
 2.23280000e-07  9.00000000e-01  3.92300719e-01 
 2.24280000e-07  9.00000000e-01  3.92300719e-01 
 2.25280000e-07  9.00000000e-01  3.92300719e-01 
 2.26280000e-07  9.00000000e-01  3.92300719e-01 
 2.27280000e-07  9.00000000e-01  3.92300719e-01 
 2.28280000e-07  9.00000000e-01  3.92300719e-01 
 2.29280000e-07  9.00000000e-01  3.92300719e-01 
 2.30280000e-07  9.00000000e-01  3.92300719e-01 
 2.31280000e-07  9.00000000e-01  3.92300719e-01 
 2.32280000e-07  9.00000000e-01  3.92300719e-01 
 2.33280000e-07  9.00000000e-01  3.92300719e-01 
 2.34280000e-07  9.00000000e-01  3.92300719e-01 
 2.35280000e-07  9.00000000e-01  3.92300719e-01 
 2.36280000e-07  9.00000000e-01  3.92300719e-01 
 2.37280000e-07  9.00000000e-01  3.92300719e-01 
 2.38280000e-07  9.00000000e-01  3.92300719e-01 
 2.39280000e-07  9.00000000e-01  3.92300719e-01 
 2.40280000e-07  9.00000000e-01  3.92300719e-01 
 2.41280000e-07  9.00000000e-01  3.92300719e-01 
 2.42280000e-07  9.00000000e-01  3.92300719e-01 
 2.43280000e-07  9.00000000e-01  3.92300719e-01 
 2.44280000e-07  9.00000000e-01  3.92300719e-01 
 2.45280000e-07  9.00000000e-01  3.92300719e-01 
 2.46280000e-07  9.00000000e-01  3.92300719e-01 
 2.47280000e-07  9.00000000e-01  3.92300719e-01 
 2.48280000e-07  9.00000000e-01  3.92300719e-01 
 2.49280000e-07  9.00000000e-01  3.92300719e-01 
 2.50280000e-07  9.00000000e-01  3.92300719e-01 
 2.51280000e-07  9.00000000e-01  3.92300719e-01 
 2.52280000e-07  9.00000000e-01  3.92300719e-01 
 2.53280000e-07  9.00000000e-01  3.92300719e-01 
 2.54280000e-07  9.00000000e-01  3.92300719e-01 
 2.55280000e-07  9.00000000e-01  3.92300719e-01 
 2.56280000e-07  9.00000000e-01  3.92300719e-01 
 2.57280000e-07  9.00000000e-01  3.92300719e-01 
 2.58280000e-07  9.00000000e-01  3.92300719e-01 
 2.59280000e-07  9.00000000e-01  3.92300719e-01 
 2.60280000e-07  9.00000000e-01  3.92300719e-01 
 2.61280000e-07  9.00000000e-01  3.92300719e-01 
 2.62280000e-07  9.00000000e-01  3.92300719e-01 
 2.63280000e-07  9.00000000e-01  3.92300719e-01 
 2.64280000e-07  9.00000000e-01  3.92300719e-01 
 2.65280000e-07  9.00000000e-01  3.92300719e-01 
 2.66280000e-07  9.00000000e-01  3.92300719e-01 
 2.67280000e-07  9.00000000e-01  3.92300719e-01 
 2.68280000e-07  9.00000000e-01  3.92300719e-01 
 2.69280000e-07  9.00000000e-01  3.92300719e-01 
 2.70280000e-07  9.00000000e-01  3.92300719e-01 
 2.71280000e-07  9.00000000e-01  3.92300719e-01 
 2.72280000e-07  9.00000000e-01  3.92300719e-01 
 2.73280000e-07  9.00000000e-01  3.92300719e-01 
 2.74280000e-07  9.00000000e-01  3.92300719e-01 
 2.75280000e-07  9.00000000e-01  3.92300719e-01 
 2.76280000e-07  9.00000000e-01  3.92300719e-01 
 2.77280000e-07  9.00000000e-01  3.92300719e-01 
 2.78280000e-07  9.00000000e-01  3.92300719e-01 
 2.79280000e-07  9.00000000e-01  3.92300719e-01 
 2.80280000e-07  9.00000000e-01  3.92300719e-01 
 2.81280000e-07  9.00000000e-01  3.92300719e-01 
 2.82280000e-07  9.00000000e-01  3.92300719e-01 
 2.83280000e-07  9.00000000e-01  3.92300719e-01 
 2.84280000e-07  9.00000000e-01  3.92300719e-01 
 2.85280000e-07  9.00000000e-01  3.92300719e-01 
 2.86280000e-07  9.00000000e-01  3.92300719e-01 
 2.87280000e-07  9.00000000e-01  3.92300719e-01 
 2.88280000e-07  9.00000000e-01  3.92300719e-01 
 2.89280000e-07  9.00000000e-01  3.92300719e-01 
 2.90280000e-07  9.00000000e-01  3.92300719e-01 
 2.91280000e-07  9.00000000e-01  3.92300719e-01 
 2.92280000e-07  9.00000000e-01  3.92300719e-01 
 2.93280000e-07  9.00000000e-01  3.92300719e-01 
 2.94280000e-07  9.00000000e-01  3.92300719e-01 
 2.95280000e-07  9.00000000e-01  3.92300719e-01 
 2.96280000e-07  9.00000000e-01  3.92300719e-01 
 2.97280000e-07  9.00000000e-01  3.92300719e-01 
 2.98280000e-07  9.00000000e-01  3.92300719e-01 
 2.99280000e-07  9.00000000e-01  3.92300719e-01 
 3.00280000e-07  9.00000000e-01  3.92300719e-01 
 3.01280000e-07  9.00000000e-01  3.92300719e-01 
 3.02280000e-07  9.00000000e-01  3.92300719e-01 
 3.03280000e-07  9.00000000e-01  3.92300719e-01 
 3.04280000e-07  9.00000000e-01  3.92300719e-01 
 3.05280000e-07  9.00000000e-01  3.92300719e-01 
 3.06280000e-07  9.00000000e-01  3.92300719e-01 
 3.07280000e-07  9.00000000e-01  3.92300719e-01 
 3.08280000e-07  9.00000000e-01  3.92300719e-01 
 3.09280000e-07  9.00000000e-01  3.92300719e-01 
 3.10280000e-07  9.00000000e-01  3.92300719e-01 
 3.11280000e-07  9.00000000e-01  3.92300719e-01 
 3.12280000e-07  9.00000000e-01  3.92300719e-01 
 3.13280000e-07  9.00000000e-01  3.92300719e-01 
 3.14280000e-07  9.00000000e-01  3.92300719e-01 
 3.15280000e-07  9.00000000e-01  3.92300719e-01 
 3.16280000e-07  9.00000000e-01  3.92300719e-01 
 3.17280000e-07  9.00000000e-01  3.92300719e-01 
 3.18280000e-07  9.00000000e-01  3.92300719e-01 
 3.19280000e-07  9.00000000e-01  3.92300719e-01 
 3.20280000e-07  9.00000000e-01  3.92300719e-01 
 3.21280000e-07  9.00000000e-01  3.92300719e-01 
 3.22280000e-07  9.00000000e-01  3.92300719e-01 
 3.23280000e-07  9.00000000e-01  3.92300719e-01 
 3.24280000e-07  9.00000000e-01  3.92300719e-01 
 3.25280000e-07  9.00000000e-01  3.92300719e-01 
 3.26280000e-07  9.00000000e-01  3.92300719e-01 
 3.27280000e-07  9.00000000e-01  3.92300719e-01 
 3.28280000e-07  9.00000000e-01  3.92300719e-01 
 3.29280000e-07  9.00000000e-01  3.92300719e-01 
 3.30280000e-07  9.00000000e-01  3.92300719e-01 
 3.31280000e-07  9.00000000e-01  3.92300719e-01 
 3.32280000e-07  9.00000000e-01  3.92300719e-01 
 3.33280000e-07  9.00000000e-01  3.92300719e-01 
 3.34280000e-07  9.00000000e-01  3.92300719e-01 
 3.35280000e-07  9.00000000e-01  3.92300719e-01 
 3.36280000e-07  9.00000000e-01  3.92300719e-01 
 3.37280000e-07  9.00000000e-01  3.92300719e-01 
 3.38280000e-07  9.00000000e-01  3.92300719e-01 
 3.39280000e-07  9.00000000e-01  3.92300719e-01 
 3.40280000e-07  9.00000000e-01  3.92300719e-01 
 3.41280000e-07  9.00000000e-01  3.92300719e-01 
 3.42280000e-07  9.00000000e-01  3.92300719e-01 
 3.43280000e-07  9.00000000e-01  3.92300719e-01 
 3.44280000e-07  9.00000000e-01  3.92300719e-01 
 3.45280000e-07  9.00000000e-01  3.92300719e-01 
 3.46280000e-07  9.00000000e-01  3.92300719e-01 
 3.47280000e-07  9.00000000e-01  3.92300719e-01 
 3.48280000e-07  9.00000000e-01  3.92300719e-01 
 3.49280000e-07  9.00000000e-01  3.92300719e-01 
 3.50280000e-07  9.00000000e-01  3.92300719e-01 
 3.51280000e-07  9.00000000e-01  3.92300719e-01 
 3.52280000e-07  9.00000000e-01  3.92300719e-01 
 3.53280000e-07  9.00000000e-01  3.92300719e-01 
 3.54280000e-07  9.00000000e-01  3.92300719e-01 
 3.55280000e-07  9.00000000e-01  3.92300719e-01 
 3.56280000e-07  9.00000000e-01  3.92300719e-01 
 3.57280000e-07  9.00000000e-01  3.92300719e-01 
 3.58280000e-07  9.00000000e-01  3.92300719e-01 
 3.59280000e-07  9.00000000e-01  3.92300719e-01 
 3.60280000e-07  9.00000000e-01  3.92300719e-01 
 3.61280000e-07  9.00000000e-01  3.92300719e-01 
 3.62280000e-07  9.00000000e-01  3.92300719e-01 
 3.63280000e-07  9.00000000e-01  3.92300719e-01 
 3.64280000e-07  9.00000000e-01  3.92300719e-01 
 3.65280000e-07  9.00000000e-01  3.92300719e-01 
 3.66280000e-07  9.00000000e-01  3.92300719e-01 
 3.67280000e-07  9.00000000e-01  3.92300719e-01 
 3.68280000e-07  9.00000000e-01  3.92300719e-01 
 3.69280000e-07  9.00000000e-01  3.92300719e-01 
 3.70280000e-07  9.00000000e-01  3.92300719e-01 
 3.71280000e-07  9.00000000e-01  3.92300719e-01 
 3.72280000e-07  9.00000000e-01  3.92300719e-01 
 3.73280000e-07  9.00000000e-01  3.92300719e-01 
 3.74280000e-07  9.00000000e-01  3.92300719e-01 
 3.75280000e-07  9.00000000e-01  3.92300719e-01 
 3.76280000e-07  9.00000000e-01  3.92300719e-01 
 3.77280000e-07  9.00000000e-01  3.92300719e-01 
 3.78280000e-07  9.00000000e-01  3.92300719e-01 
 3.79280000e-07  9.00000000e-01  3.92300719e-01 
 3.80280000e-07  9.00000000e-01  3.92300719e-01 
 3.81280000e-07  9.00000000e-01  3.92300719e-01 
 3.82280000e-07  9.00000000e-01  3.92300719e-01 
 3.83280000e-07  9.00000000e-01  3.92300719e-01 
 3.84280000e-07  9.00000000e-01  3.92300719e-01 
 3.85280000e-07  9.00000000e-01  3.92300719e-01 
 3.86280000e-07  9.00000000e-01  3.92300719e-01 
 3.87280000e-07  9.00000000e-01  3.92300719e-01 
 3.88280000e-07  9.00000000e-01  3.92300719e-01 
 3.89280000e-07  9.00000000e-01  3.92300719e-01 
 3.90280000e-07  9.00000000e-01  3.92300719e-01 
 3.91280000e-07  9.00000000e-01  3.92300719e-01 
 3.92280000e-07  9.00000000e-01  3.92300719e-01 
 3.93280000e-07  9.00000000e-01  3.92300719e-01 
 3.94280000e-07  9.00000000e-01  3.92300719e-01 
 3.95280000e-07  9.00000000e-01  3.92300719e-01 
 3.96280000e-07  9.00000000e-01  3.92300719e-01 
 3.97280000e-07  9.00000000e-01  3.92300719e-01 
 3.98280000e-07  9.00000000e-01  3.92300719e-01 
 3.99280000e-07  9.00000000e-01  3.92300719e-01 
 4.00280000e-07  9.00000000e-01  3.92300719e-01 
 4.01280000e-07  9.00000000e-01  3.92300719e-01 
 4.02280000e-07  9.00000000e-01  3.92300719e-01 
 4.03280000e-07  9.00000000e-01  3.92300719e-01 
 4.04280000e-07  9.00000000e-01  3.92300719e-01 
 4.05280000e-07  9.00000000e-01  3.92300719e-01 
 4.06280000e-07  9.00000000e-01  3.92300719e-01 
 4.07280000e-07  9.00000000e-01  3.92300719e-01 
 4.08280000e-07  9.00000000e-01  3.92300719e-01 
 4.09280000e-07  9.00000000e-01  3.92300719e-01 
 4.10280000e-07  9.00000000e-01  3.92300719e-01 
 4.11280000e-07  9.00000000e-01  3.92300719e-01 
 4.12280000e-07  9.00000000e-01  3.92300719e-01 
 4.13280000e-07  9.00000000e-01  3.92300719e-01 
 4.14280000e-07  9.00000000e-01  3.92300719e-01 
 4.15280000e-07  9.00000000e-01  3.92300719e-01 
 4.16280000e-07  9.00000000e-01  3.92300719e-01 
 4.17280000e-07  9.00000000e-01  3.92300719e-01 
 4.18280000e-07  9.00000000e-01  3.92300719e-01 
 4.19280000e-07  9.00000000e-01  3.92300719e-01 
 4.20280000e-07  9.00000000e-01  3.92300719e-01 
 4.21280000e-07  9.00000000e-01  3.92300719e-01 
 4.22280000e-07  9.00000000e-01  3.92300719e-01 
 4.23280000e-07  9.00000000e-01  3.92300719e-01 
 4.24280000e-07  9.00000000e-01  3.92300719e-01 
 4.25280000e-07  9.00000000e-01  3.92300719e-01 
 4.26280000e-07  9.00000000e-01  3.92300719e-01 
 4.27280000e-07  9.00000000e-01  3.92300719e-01 
 4.28280000e-07  9.00000000e-01  3.92300719e-01 
 4.29280000e-07  9.00000000e-01  3.92300719e-01 
 4.30280000e-07  9.00000000e-01  3.92300719e-01 
 4.31280000e-07  9.00000000e-01  3.92300719e-01 
 4.32280000e-07  9.00000000e-01  3.92300719e-01 
 4.33280000e-07  9.00000000e-01  3.92300719e-01 
 4.34280000e-07  9.00000000e-01  3.92300719e-01 
 4.35280000e-07  9.00000000e-01  3.92300719e-01 
 4.36280000e-07  9.00000000e-01  3.92300719e-01 
 4.37280000e-07  9.00000000e-01  3.92300719e-01 
 4.38280000e-07  9.00000000e-01  3.92300719e-01 
 4.39280000e-07  9.00000000e-01  3.92300719e-01 
 4.40280000e-07  9.00000000e-01  3.92300719e-01 
 4.41280000e-07  9.00000000e-01  3.92300719e-01 
 4.42280000e-07  9.00000000e-01  3.92300719e-01 
 4.43280000e-07  9.00000000e-01  3.92300719e-01 
 4.44280000e-07  9.00000000e-01  3.92300719e-01 
 4.45280000e-07  9.00000000e-01  3.92300719e-01 
 4.46280000e-07  9.00000000e-01  3.92300719e-01 
 4.47280000e-07  9.00000000e-01  3.92300719e-01 
 4.48280000e-07  9.00000000e-01  3.92300719e-01 
 4.49280000e-07  9.00000000e-01  3.92300719e-01 
 4.50280000e-07  9.00000000e-01  3.92300719e-01 
 4.51280000e-07  9.00000000e-01  3.92300719e-01 
 4.52280000e-07  9.00000000e-01  3.92300719e-01 
 4.53280000e-07  9.00000000e-01  3.92300719e-01 
 4.54280000e-07  9.00000000e-01  3.92300719e-01 
 4.55280000e-07  9.00000000e-01  3.92300719e-01 
 4.56280000e-07  9.00000000e-01  3.92300719e-01 
 4.57280000e-07  9.00000000e-01  3.92300719e-01 
 4.58280000e-07  9.00000000e-01  3.92300719e-01 
 4.59280000e-07  9.00000000e-01  3.92300719e-01 
 4.60280000e-07  9.00000000e-01  3.92300719e-01 
 4.61280000e-07  9.00000000e-01  3.92300719e-01 
 4.62280000e-07  9.00000000e-01  3.92300719e-01 
 4.63280000e-07  9.00000000e-01  3.92300719e-01 
 4.64280000e-07  9.00000000e-01  3.92300719e-01 
 4.65280000e-07  9.00000000e-01  3.92300719e-01 
 4.66280000e-07  9.00000000e-01  3.92300719e-01 
 4.67280000e-07  9.00000000e-01  3.92300719e-01 
 4.68280000e-07  9.00000000e-01  3.92300719e-01 
 4.69280000e-07  9.00000000e-01  3.92300719e-01 
 4.70280000e-07  9.00000000e-01  3.92300719e-01 
 4.71280000e-07  9.00000000e-01  3.92300719e-01 
 4.72280000e-07  9.00000000e-01  3.92300719e-01 
 4.73280000e-07  9.00000000e-01  3.92300719e-01 
 4.74280000e-07  9.00000000e-01  3.92300719e-01 
 4.75280000e-07  9.00000000e-01  3.92300719e-01 
 4.76280000e-07  9.00000000e-01  3.92300719e-01 
 4.77280000e-07  9.00000000e-01  3.92300719e-01 
 4.78280000e-07  9.00000000e-01  3.92300719e-01 
 4.79280000e-07  9.00000000e-01  3.92300719e-01 
 4.80280000e-07  9.00000000e-01  3.92300719e-01 
 4.81280000e-07  9.00000000e-01  3.92300719e-01 
 4.82280000e-07  9.00000000e-01  3.92300719e-01 
 4.83280000e-07  9.00000000e-01  3.92300719e-01 
 4.84280000e-07  9.00000000e-01  3.92300719e-01 
 4.85280000e-07  9.00000000e-01  3.92300719e-01 
 4.86280000e-07  9.00000000e-01  3.92300719e-01 
 4.87280000e-07  9.00000000e-01  3.92300719e-01 
 4.88280000e-07  9.00000000e-01  3.92300719e-01 
 4.89280000e-07  9.00000000e-01  3.92300719e-01 
 4.90280000e-07  9.00000000e-01  3.92300719e-01 
 4.91280000e-07  9.00000000e-01  3.92300719e-01 
 4.92280000e-07  9.00000000e-01  3.92300719e-01 
 4.93280000e-07  9.00000000e-01  3.92300719e-01 
 4.94280000e-07  9.00000000e-01  3.92300719e-01 
 4.95280000e-07  9.00000000e-01  3.92300719e-01 
 4.96280000e-07  9.00000000e-01  3.92300719e-01 
 4.97280000e-07  9.00000000e-01  3.92300719e-01 
 4.98280000e-07  9.00000000e-01  3.92300719e-01 
 4.99280000e-07  9.00000000e-01  3.92300719e-01 
 5.00000000e-07  9.00000000e-01  3.92300719e-01 
 5.00000100e-07  9.01000000e-01  3.92302103e-01 
 5.00000300e-07  9.03000000e-01  3.92304881e-01 
 5.00000700e-07  9.07000000e-01  3.92310477e-01 
 5.00001000e-07  9.10000000e-01  3.92314711e-01 
 5.00001080e-07  9.10000000e-01  3.92314716e-01 
 5.00001240e-07  9.10000000e-01  3.92314726e-01 
 5.00001560e-07  9.10000000e-01  3.92314747e-01 
 5.00002200e-07  9.10000000e-01  3.92314789e-01 
 5.00003480e-07  9.10000000e-01  3.92314872e-01 
 5.00006040e-07  9.10000000e-01  3.92315038e-01 
 5.00011160e-07  9.10000000e-01  3.92315370e-01 
 5.00021400e-07  9.10000000e-01  3.92316034e-01 
 5.00041880e-07  9.10000000e-01  3.92317362e-01 
 5.00082840e-07  9.10000000e-01  3.92320018e-01 
 5.00164760e-07  9.10000000e-01  3.92325330e-01 
 5.00328600e-07  9.10000000e-01  3.92335953e-01 
 5.00656280e-07  9.10000000e-01  3.92357194e-01 
 5.01311640e-07  9.10000000e-01  3.92399655e-01 
 5.02311640e-07  9.10000000e-01  3.92464392e-01 
 5.03311640e-07  9.10000000e-01  3.92529063e-01 
 5.04311640e-07  9.10000000e-01  3.92593667e-01 
 5.05311640e-07  9.10000000e-01  3.92658201e-01 
 5.06311640e-07  9.10000000e-01  3.92722664e-01 
 5.07311640e-07  9.10000000e-01  3.92787056e-01 
 5.08311640e-07  9.10000000e-01  3.92851373e-01 
 5.09311640e-07  9.10000000e-01  3.92915616e-01 
 5.10311640e-07  9.10000000e-01  3.92979782e-01 
 5.11311640e-07  9.10000000e-01  3.93043869e-01 
 5.12311640e-07  9.10000000e-01  3.93107877e-01 
 5.13311640e-07  9.10000000e-01  3.93171803e-01 
 5.14311640e-07  9.10000000e-01  3.93235647e-01 
 5.15311640e-07  9.10000000e-01  3.93299406e-01 
 5.16311640e-07  9.10000000e-01  3.93363080e-01 
 5.17311640e-07  9.10000000e-01  3.93426667e-01 
 5.18311640e-07  9.10000000e-01  3.93490166e-01 
 5.19311640e-07  9.10000000e-01  3.93553574e-01 
 5.20311640e-07  9.10000000e-01  3.93616891e-01 
 5.21311640e-07  9.10000000e-01  3.93680115e-01 
 5.22311640e-07  9.10000000e-01  3.93743245e-01 
 5.23311640e-07  9.10000000e-01  3.93806280e-01 
 5.24311640e-07  9.10000000e-01  3.93869217e-01 
 5.25311640e-07  9.10000000e-01  3.93932056e-01 
 5.26311640e-07  9.10000000e-01  3.93994796e-01 
 5.27311640e-07  9.10000000e-01  3.94057434e-01 
 5.28311640e-07  9.10000000e-01  3.94119970e-01 
 5.29311640e-07  9.10000000e-01  3.94182401e-01 
 5.30311640e-07  9.10000000e-01  3.94244728e-01 
 5.31311640e-07  9.10000000e-01  3.94306948e-01 
 5.32311640e-07  9.10000000e-01  3.94369061e-01 
 5.33311640e-07  9.10000000e-01  3.94431064e-01 
 5.34311640e-07  9.10000000e-01  3.94492957e-01 
 5.35311640e-07  9.10000000e-01  3.94554738e-01 
 5.36311640e-07  9.10000000e-01  3.94616406e-01 
 5.37311640e-07  9.10000000e-01  3.94677960e-01 
 5.38311640e-07  9.10000000e-01  3.94739398e-01 
 5.39311640e-07  9.10000000e-01  3.94800720e-01 
 5.40311640e-07  9.10000000e-01  3.94861923e-01 
 5.41311640e-07  9.10000000e-01  3.94923007e-01 
 5.42311640e-07  9.10000000e-01  3.94983970e-01 
 5.43311640e-07  9.10000000e-01  3.95044812e-01 
 5.44311640e-07  9.10000000e-01  3.95105531e-01 
 5.45311640e-07  9.10000000e-01  3.95166125e-01 
 5.46311640e-07  9.10000000e-01  3.95226594e-01 
 5.47311640e-07  9.10000000e-01  3.95286936e-01 
 5.48311640e-07  9.10000000e-01  3.95347151e-01 
 5.49311640e-07  9.10000000e-01  3.95407237e-01 
 5.50311640e-07  9.10000000e-01  3.95467192e-01 
 5.51311640e-07  9.10000000e-01  3.95527017e-01 
 5.52311640e-07  9.10000000e-01  3.95586708e-01 
 5.53311640e-07  9.10000000e-01  3.95646267e-01 
 5.54311640e-07  9.10000000e-01  3.95705690e-01 
 5.55311640e-07  9.10000000e-01  3.95764978e-01 
 5.56311640e-07  9.10000000e-01  3.95824129e-01 
 5.57311640e-07  9.10000000e-01  3.95883142e-01 
 5.58311640e-07  9.10000000e-01  3.95942015e-01 
 5.59311640e-07  9.10000000e-01  3.96000749e-01 
 5.60311640e-07  9.10000000e-01  3.96059341e-01 
 5.61311640e-07  9.10000000e-01  3.96117791e-01 
 5.62311640e-07  9.10000000e-01  3.96176098e-01 
 5.63311640e-07  9.10000000e-01  3.96234260e-01 
 5.64311640e-07  9.10000000e-01  3.96292276e-01 
 5.65311640e-07  9.10000000e-01  3.96350146e-01 
 5.66311640e-07  9.10000000e-01  3.96407869e-01 
 5.67311640e-07  9.10000000e-01  3.96465443e-01 
 5.68311640e-07  9.10000000e-01  3.96522868e-01 
 5.69311640e-07  9.10000000e-01  3.96580141e-01 
 5.70311640e-07  9.10000000e-01  3.96637264e-01 
 5.71311640e-07  9.10000000e-01  3.96694234e-01 
 5.72311640e-07  9.10000000e-01  3.96751050e-01 
 5.73311640e-07  9.10000000e-01  3.96807712e-01 
 5.74311640e-07  9.10000000e-01  3.96864219e-01 
 5.75311640e-07  9.10000000e-01  3.96920569e-01 
 5.76311640e-07  9.10000000e-01  3.96976763e-01 
 5.77311640e-07  9.10000000e-01  3.97032798e-01 
 5.78311640e-07  9.10000000e-01  3.97088674e-01 
 5.79311640e-07  9.10000000e-01  3.97144390e-01 
 5.80311640e-07  9.10000000e-01  3.97199945e-01 
 5.81311640e-07  9.10000000e-01  3.97255338e-01 
 5.82311640e-07  9.10000000e-01  3.97310569e-01 
 5.83311640e-07  9.10000000e-01  3.97365636e-01 
 5.84311640e-07  9.10000000e-01  3.97420539e-01 
 5.85311640e-07  9.10000000e-01  3.97475276e-01 
 5.86311640e-07  9.10000000e-01  3.97529848e-01 
 5.87311640e-07  9.10000000e-01  3.97584253e-01 
 5.88311640e-07  9.10000000e-01  3.97638490e-01 
 5.89311640e-07  9.10000000e-01  3.97692558e-01 
 5.90311640e-07  9.10000000e-01  3.97746458e-01 
 5.91311640e-07  9.10000000e-01  3.97800187e-01 
 5.92311640e-07  9.10000000e-01  3.97853745e-01 
 5.93311640e-07  9.10000000e-01  3.97907132e-01 
 5.94311640e-07  9.10000000e-01  3.97960346e-01 
 5.95311640e-07  9.10000000e-01  3.98013387e-01 
 5.96311640e-07  9.10000000e-01  3.98066254e-01 
 5.97311640e-07  9.10000000e-01  3.98118946e-01 
 5.98311640e-07  9.10000000e-01  3.98171463e-01 
 5.99311640e-07  9.10000000e-01  3.98223804e-01 
 6.00311640e-07  9.10000000e-01  3.98275967e-01 
 6.01311640e-07  9.10000000e-01  3.98327954e-01 
 6.02311640e-07  9.10000000e-01  3.98379762e-01 
 6.03311640e-07  9.10000000e-01  3.98431391e-01 
 6.04311640e-07  9.10000000e-01  3.98482840e-01 
 6.05311640e-07  9.10000000e-01  3.98534110e-01 
 6.06311640e-07  9.10000000e-01  3.98585198e-01 
 6.07311640e-07  9.10000000e-01  3.98636104e-01 
 6.08311640e-07  9.10000000e-01  3.98686829e-01 
 6.09311640e-07  9.10000000e-01  3.98737370e-01 
 6.10311640e-07  9.10000000e-01  3.98787728e-01 
 6.11311640e-07  9.10000000e-01  3.98837902e-01 
 6.12311640e-07  9.10000000e-01  3.98887891e-01 
 6.13311640e-07  9.10000000e-01  3.98937695e-01 
 6.14311640e-07  9.10000000e-01  3.98987313e-01 
 6.15311640e-07  9.10000000e-01  3.99036744e-01 
 6.16311640e-07  9.10000000e-01  3.99085988e-01 
 6.17311640e-07  9.10000000e-01  3.99135044e-01 
 6.18311640e-07  9.10000000e-01  3.99183913e-01 
 6.19311640e-07  9.10000000e-01  3.99232592e-01 
 6.20311640e-07  9.10000000e-01  3.99281083e-01 
 6.21311640e-07  9.10000000e-01  3.99329383e-01 
 6.22311640e-07  9.10000000e-01  3.99377493e-01 
 6.23311640e-07  9.10000000e-01  3.99425412e-01 
 6.24311640e-07  9.10000000e-01  3.99473140e-01 
 6.25311640e-07  9.10000000e-01  3.99520676e-01 
 6.26311640e-07  9.10000000e-01  3.99568020e-01 
 6.27311640e-07  9.10000000e-01  3.99615170e-01 
 6.28311640e-07  9.10000000e-01  3.99662128e-01 
 6.29311640e-07  9.10000000e-01  3.99708892e-01 
 6.30311640e-07  9.10000000e-01  3.99755461e-01 
 6.31311640e-07  9.10000000e-01  3.99801836e-01 
 6.32311640e-07  9.10000000e-01  3.99848016e-01 
 6.33311640e-07  9.10000000e-01  3.99894000e-01 
 6.34311640e-07  9.10000000e-01  3.99939788e-01 
 6.35311640e-07  9.10000000e-01  3.99985380e-01 
 6.36311640e-07  9.10000000e-01  4.00030775e-01 
 6.37311640e-07  9.10000000e-01  4.00075973e-01 
 6.38311640e-07  9.10000000e-01  4.00120974e-01 
 6.39311640e-07  9.10000000e-01  4.00165776e-01 
 6.40311640e-07  9.10000000e-01  4.00210380e-01 
 6.41311640e-07  9.10000000e-01  4.00254786e-01 
 6.42311640e-07  9.10000000e-01  4.00298992e-01 
 6.43311640e-07  9.10000000e-01  4.00343000e-01 
 6.44311640e-07  9.10000000e-01  4.00386807e-01 
 6.45311640e-07  9.10000000e-01  4.00430415e-01 
 6.46311640e-07  9.10000000e-01  4.00473822e-01 
 6.47311640e-07  9.10000000e-01  4.00517028e-01 
 6.48311640e-07  9.10000000e-01  4.00560034e-01 
 6.49311640e-07  9.10000000e-01  4.00602838e-01 
 6.50311640e-07  9.10000000e-01  4.00645441e-01 
 6.51311640e-07  9.10000000e-01  4.00687842e-01 
 6.52311640e-07  9.10000000e-01  4.00730041e-01 
 6.53311640e-07  9.10000000e-01  4.00772037e-01 
 6.54311640e-07  9.10000000e-01  4.00813831e-01 
 6.55311640e-07  9.10000000e-01  4.00855422e-01 
 6.56311640e-07  9.10000000e-01  4.00896810e-01 
 6.57311640e-07  9.10000000e-01  4.00937995e-01 
 6.58311640e-07  9.10000000e-01  4.00978976e-01 
 6.59311640e-07  9.10000000e-01  4.01019753e-01 
 6.60311640e-07  9.10000000e-01  4.01060326e-01 
 6.61311640e-07  9.10000000e-01  4.01100695e-01 
 6.62311640e-07  9.10000000e-01  4.01140860e-01 
 6.63311640e-07  9.10000000e-01  4.01180820e-01 
 6.64311640e-07  9.10000000e-01  4.01220575e-01 
 6.65311640e-07  9.10000000e-01  4.01260126e-01 
 6.66311640e-07  9.10000000e-01  4.01299471e-01 
 6.67311640e-07  9.10000000e-01  4.01338611e-01 
 6.68311640e-07  9.10000000e-01  4.01377546e-01 
 6.69311640e-07  9.10000000e-01  4.01416275e-01 
 6.70311640e-07  9.10000000e-01  4.01454799e-01 
 6.71311640e-07  9.10000000e-01  4.01493116e-01 
 6.72311640e-07  9.10000000e-01  4.01531228e-01 
 6.73311640e-07  9.10000000e-01  4.01569134e-01 
 6.74311640e-07  9.10000000e-01  4.01606834e-01 
 6.75311640e-07  9.10000000e-01  4.01644327e-01 
 6.76311640e-07  9.10000000e-01  4.01681614e-01 
 6.77311640e-07  9.10000000e-01  4.01718695e-01 
 6.78311640e-07  9.10000000e-01  4.01755569e-01 
 6.79311640e-07  9.10000000e-01  4.01792237e-01 
 6.80311640e-07  9.10000000e-01  4.01828698e-01 
 6.81311640e-07  9.10000000e-01  4.01864953e-01 
 6.82311640e-07  9.10000000e-01  4.01901001e-01 
 6.83311640e-07  9.10000000e-01  4.01936842e-01 
 6.84311640e-07  9.10000000e-01  4.01972476e-01 
 6.85311640e-07  9.10000000e-01  4.02007904e-01 
 6.86311640e-07  9.10000000e-01  4.02043125e-01 
 6.87311640e-07  9.10000000e-01  4.02078139e-01 
 6.88311640e-07  9.10000000e-01  4.02112946e-01 
 6.89311640e-07  9.10000000e-01  4.02147547e-01 
 6.90311640e-07  9.10000000e-01  4.02181940e-01 
 6.91311640e-07  9.10000000e-01  4.02216127e-01 
 6.92311640e-07  9.10000000e-01  4.02250107e-01 
 6.93311640e-07  9.10000000e-01  4.02283880e-01 
 6.94311640e-07  9.10000000e-01  4.02317447e-01 
 6.95311640e-07  9.10000000e-01  4.02350807e-01 
 6.96311640e-07  9.10000000e-01  4.02383961e-01 
 6.97311640e-07  9.10000000e-01  4.02416908e-01 
 6.98311640e-07  9.10000000e-01  4.02449648e-01 
 6.99311640e-07  9.10000000e-01  4.02482182e-01 
 7.00311640e-07  9.10000000e-01  4.02514510e-01 
 7.01311640e-07  9.10000000e-01  4.02546632e-01 
 7.02311640e-07  9.10000000e-01  4.02578547e-01 
 7.03311640e-07  9.10000000e-01  4.02610256e-01 
 7.04311640e-07  9.10000000e-01  4.02641760e-01 
 7.05311640e-07  9.10000000e-01  4.02673057e-01 
 7.06311640e-07  9.10000000e-01  4.02704149e-01 
 7.07311640e-07  9.10000000e-01  4.02735035e-01 
 7.08311640e-07  9.10000000e-01  4.02765716e-01 
 7.09311640e-07  9.10000000e-01  4.02796192e-01 
 7.10311640e-07  9.10000000e-01  4.02826462e-01 
 7.11311640e-07  9.10000000e-01  4.02856527e-01 
 7.12311640e-07  9.10000000e-01  4.02886388e-01 
 7.13311640e-07  9.10000000e-01  4.02916043e-01 
 7.14311640e-07  9.10000000e-01  4.02945495e-01 
 7.15311640e-07  9.10000000e-01  4.02974741e-01 
 7.16311640e-07  9.10000000e-01  4.03003784e-01 
 7.17311640e-07  9.10000000e-01  4.03032623e-01 
 7.18311640e-07  9.10000000e-01  4.03061257e-01 
 7.19311640e-07  9.10000000e-01  4.03089688e-01 
 7.20311640e-07  9.10000000e-01  4.03117916e-01 
 7.21311640e-07  9.10000000e-01  4.03145940e-01 
 7.22311640e-07  9.10000000e-01  4.03173762e-01 
 7.23311640e-07  9.10000000e-01  4.03201380e-01 
 7.24311640e-07  9.10000000e-01  4.03228797e-01 
 7.25311640e-07  9.10000000e-01  4.03256010e-01 
 7.26311640e-07  9.10000000e-01  4.03283022e-01 
 7.27311640e-07  9.10000000e-01  4.03309832e-01 
 7.28311640e-07  9.10000000e-01  4.03336440e-01 
 7.29311640e-07  9.10000000e-01  4.03362847e-01 
 7.30311640e-07  9.10000000e-01  4.03389053e-01 
 7.31311640e-07  9.10000000e-01  4.03415058e-01 
 7.32311640e-07  9.10000000e-01  4.03440862e-01 
 7.33311640e-07  9.10000000e-01  4.03466466e-01 
 7.34311640e-07  9.10000000e-01  4.03491870e-01 
 7.35311640e-07  9.10000000e-01  4.03517075e-01 
 7.36311640e-07  9.10000000e-01  4.03542080e-01 
 7.37311640e-07  9.10000000e-01  4.03566885e-01 
 7.38311640e-07  9.10000000e-01  4.03591492e-01 
 7.39311640e-07  9.10000000e-01  4.03615901e-01 
 7.40311640e-07  9.10000000e-01  4.03640111e-01 
 7.41311640e-07  9.10000000e-01  4.03664124e-01 
 7.42311640e-07  9.10000000e-01  4.03687939e-01 
 7.43311640e-07  9.10000000e-01  4.03711556e-01 
 7.44311640e-07  9.10000000e-01  4.03734977e-01 
 7.45311640e-07  9.10000000e-01  4.03758201e-01 
 7.46311640e-07  9.10000000e-01  4.03781229e-01 
 7.47311640e-07  9.10000000e-01  4.03804061e-01 
 7.48311640e-07  9.10000000e-01  4.03826698e-01 
 7.49311640e-07  9.10000000e-01  4.03849139e-01 
 7.50311640e-07  9.10000000e-01  4.03871386e-01 
 7.51311640e-07  9.10000000e-01  4.03893438e-01 
 7.52311640e-07  9.10000000e-01  4.03915296e-01 
 7.53311640e-07  9.10000000e-01  4.03936960e-01 
 7.54311640e-07  9.10000000e-01  4.03958431e-01 
 7.55311640e-07  9.10000000e-01  4.03979709e-01 
 7.56311640e-07  9.10000000e-01  4.04000795e-01 
 7.57311640e-07  9.10000000e-01  4.04021689e-01 
 7.58311640e-07  9.10000000e-01  4.04042390e-01 
 7.59311640e-07  9.10000000e-01  4.04062901e-01 
 7.60311640e-07  9.10000000e-01  4.04083220e-01 
 7.61311640e-07  9.10000000e-01  4.04103349e-01 
 7.62311640e-07  9.10000000e-01  4.04123288e-01 
 7.63311640e-07  9.10000000e-01  4.04143037e-01 
 7.64311640e-07  9.10000000e-01  4.04162597e-01 
 7.65311640e-07  9.10000000e-01  4.04181968e-01 
 7.66311640e-07  9.10000000e-01  4.04201151e-01 
 7.67311640e-07  9.10000000e-01  4.04220146e-01 
 7.68311640e-07  9.10000000e-01  4.04238953e-01 
 7.69311640e-07  9.10000000e-01  4.04257574e-01 
 7.70311640e-07  9.10000000e-01  4.04276007e-01 
 7.71311640e-07  9.10000000e-01  4.04294255e-01 
 7.72311640e-07  9.10000000e-01  4.04312316e-01 
 7.73311640e-07  9.10000000e-01  4.04330193e-01 
 7.74311640e-07  9.10000000e-01  4.04347885e-01 
 7.75311640e-07  9.10000000e-01  4.04365392e-01 
 7.76311640e-07  9.10000000e-01  4.04382716e-01 
 7.77311640e-07  9.10000000e-01  4.04399856e-01 
 7.78311640e-07  9.10000000e-01  4.04416814e-01 
 7.79311640e-07  9.10000000e-01  4.04433589e-01 
 7.80311640e-07  9.10000000e-01  4.04450182e-01 
 7.81311640e-07  9.10000000e-01  4.04466594e-01 
 7.82311640e-07  9.10000000e-01  4.04482825e-01 
 7.83311640e-07  9.10000000e-01  4.04498875e-01 
 7.84311640e-07  9.10000000e-01  4.04514746e-01 
 7.85311640e-07  9.10000000e-01  4.04530437e-01 
 7.86311640e-07  9.10000000e-01  4.04545949e-01 
 7.87311640e-07  9.10000000e-01  4.04561283e-01 
 7.88311640e-07  9.10000000e-01  4.04576439e-01 
 7.89311640e-07  9.10000000e-01  4.04591418e-01 
 7.90311640e-07  9.10000000e-01  4.04606220e-01 
 7.91311640e-07  9.10000000e-01  4.04620845e-01 
 7.92311640e-07  9.10000000e-01  4.04635295e-01 
 7.93311640e-07  9.10000000e-01  4.04649570e-01 
 7.94311640e-07  9.10000000e-01  4.04663670e-01 
 7.95311640e-07  9.10000000e-01  4.04677596e-01 
 7.96311640e-07  9.10000000e-01  4.04691348e-01 
 7.97311640e-07  9.10000000e-01  4.04704927e-01 
 7.98311640e-07  9.10000000e-01  4.04718334e-01 
 7.99311640e-07  9.10000000e-01  4.04731569e-01 
 8.00311640e-07  9.10000000e-01  4.04744632e-01 
 8.01311640e-07  9.10000000e-01  4.04757525e-01 
 8.02311640e-07  9.10000000e-01  4.04770247e-01 
 8.03311640e-07  9.10000000e-01  4.04782800e-01 
 8.04311640e-07  9.10000000e-01  4.04795183e-01 
 8.05311640e-07  9.10000000e-01  4.04807398e-01 
 8.06311640e-07  9.10000000e-01  4.04819445e-01 
 8.07311640e-07  9.10000000e-01  4.04831324e-01 
 8.08311640e-07  9.10000000e-01  4.04843037e-01 
 8.09311640e-07  9.10000000e-01  4.04854583e-01 
 8.10311640e-07  9.10000000e-01  4.04865963e-01 
 8.11311640e-07  9.10000000e-01  4.04877179e-01 
 8.12311640e-07  9.10000000e-01  4.04888230e-01 
 8.13311640e-07  9.10000000e-01  4.04899117e-01 
 8.14311640e-07  9.10000000e-01  4.04909841e-01 
 8.15311640e-07  9.10000000e-01  4.04920402e-01 
 8.16311640e-07  9.10000000e-01  4.04930801e-01 
 8.17311640e-07  9.10000000e-01  4.04941038e-01 
 8.18311640e-07  9.10000000e-01  4.04951114e-01 
 8.19311640e-07  9.10000000e-01  4.04961030e-01 
 8.20311640e-07  9.10000000e-01  4.04970787e-01 
 8.21311640e-07  9.10000000e-01  4.04980384e-01 
 8.22311640e-07  9.10000000e-01  4.04989823e-01 
 8.23311640e-07  9.10000000e-01  4.04999104e-01 
 8.24311640e-07  9.10000000e-01  4.05008227e-01 
 8.25311640e-07  9.10000000e-01  4.05017194e-01 
 8.26311640e-07  9.10000000e-01  4.05026005e-01 
 8.27311640e-07  9.10000000e-01  4.05034660e-01 
 8.28311640e-07  9.10000000e-01  4.05043161e-01 
 8.29311640e-07  9.10000000e-01  4.05051507e-01 
 8.30311640e-07  9.10000000e-01  4.05059700e-01 
 8.31311640e-07  9.10000000e-01  4.05067741e-01 
 8.32311640e-07  9.10000000e-01  4.05075628e-01 
 8.33311640e-07  9.10000000e-01  4.05083364e-01 
 8.34311640e-07  9.10000000e-01  4.05090950e-01 
 8.35311640e-07  9.10000000e-01  4.05098384e-01 
 8.36311640e-07  9.10000000e-01  4.05105669e-01 
 8.37311640e-07  9.10000000e-01  4.05112805e-01 
 8.38311640e-07  9.10000000e-01  4.05119793e-01 
 8.39311640e-07  9.10000000e-01  4.05126633e-01 
 8.40311640e-07  9.10000000e-01  4.05133325e-01 
 8.41311640e-07  9.10000000e-01  4.05139871e-01 
 8.42311640e-07  9.10000000e-01  4.05146272e-01 
 8.43311640e-07  9.10000000e-01  4.05152526e-01 
 8.44311640e-07  9.10000000e-01  4.05158637e-01 
 8.45311640e-07  9.10000000e-01  4.05164603e-01 
 8.46311640e-07  9.10000000e-01  4.05170427e-01 
 8.47311640e-07  9.10000000e-01  4.05176107e-01 
 8.48311640e-07  9.10000000e-01  4.05181646e-01 
 8.49311640e-07  9.10000000e-01  4.05187043e-01 
 8.50311640e-07  9.10000000e-01  4.05192300e-01 
 8.51311640e-07  9.10000000e-01  4.05197417e-01 
 8.52311640e-07  9.10000000e-01  4.05202395e-01 
 8.53311640e-07  9.10000000e-01  4.05207234e-01 
 8.54311640e-07  9.10000000e-01  4.05211935e-01 
 8.55311640e-07  9.10000000e-01  4.05216498e-01 
 8.56311640e-07  9.10000000e-01  4.05220925e-01 
 8.57311640e-07  9.10000000e-01  4.05225216e-01 
 8.58311640e-07  9.10000000e-01  4.05229372e-01 
 8.59311640e-07  9.10000000e-01  4.05233393e-01 
 8.60311640e-07  9.10000000e-01  4.05237280e-01 
 8.61311640e-07  9.10000000e-01  4.05241034e-01 
 8.62311640e-07  9.10000000e-01  4.05244655e-01 
 8.63311640e-07  9.10000000e-01  4.05248144e-01 
 8.64311640e-07  9.10000000e-01  4.05251502e-01 
 8.65311640e-07  9.10000000e-01  4.05254730e-01 
 8.66311640e-07  9.10000000e-01  4.05257827e-01 
 8.67311640e-07  9.10000000e-01  4.05260795e-01 
 8.68311640e-07  9.10000000e-01  4.05263635e-01 
 8.69311640e-07  9.10000000e-01  4.05266347e-01 
 8.70311640e-07  9.10000000e-01  4.05268931e-01 
 8.71311640e-07  9.10000000e-01  4.05271389e-01 
 8.72311640e-07  9.10000000e-01  4.05273721e-01 
 8.73311640e-07  9.10000000e-01  4.05275928e-01 
 8.74311640e-07  9.10000000e-01  4.05278011e-01 
 8.75311640e-07  9.10000000e-01  4.05279969e-01 
 8.76311640e-07  9.10000000e-01  4.05281805e-01 
 8.77311640e-07  9.10000000e-01  4.05283518e-01 
 8.78311640e-07  9.10000000e-01  4.05285109e-01 
 8.79311640e-07  9.10000000e-01  4.05286579e-01 
 8.80311640e-07  9.10000000e-01  4.05287929e-01 
 8.81311640e-07  9.10000000e-01  4.05289159e-01 
 8.82311640e-07  9.10000000e-01  4.05290271e-01 
 8.83311640e-07  9.10000000e-01  4.05291263e-01 
 8.84311640e-07  9.10000000e-01  4.05292138e-01 
 8.85311640e-07  9.10000000e-01  4.05292896e-01 
 8.86311640e-07  9.10000000e-01  4.05293538e-01 
 8.87311640e-07  9.10000000e-01  4.05294065e-01 
 8.88311640e-07  9.10000000e-01  4.05294476e-01 
 8.89311640e-07  9.10000000e-01  4.05294773e-01 
 8.90311640e-07  9.10000000e-01  4.05294957e-01 
 8.91311640e-07  9.10000000e-01  4.05295027e-01 
 8.92311640e-07  9.10000000e-01  4.05294986e-01 
 8.93311640e-07  9.10000000e-01  4.05294833e-01 
 8.94311640e-07  9.10000000e-01  4.05294569e-01 
 8.95311640e-07  9.10000000e-01  4.05294195e-01 
 8.96311640e-07  9.10000000e-01  4.05293712e-01 
 8.97311640e-07  9.10000000e-01  4.05293120e-01 
 8.98311640e-07  9.10000000e-01  4.05292420e-01 
 8.99311640e-07  9.10000000e-01  4.05291612e-01 
 9.00311640e-07  9.10000000e-01  4.05290698e-01 
 9.01311640e-07  9.10000000e-01  4.05289678e-01 
 9.02311640e-07  9.10000000e-01  4.05288552e-01 
 9.03311640e-07  9.10000000e-01  4.05287322e-01 
 9.04311640e-07  9.10000000e-01  4.05285988e-01 
 9.05311640e-07  9.10000000e-01  4.05284551e-01 
 9.06311640e-07  9.10000000e-01  4.05283011e-01 
 9.07311640e-07  9.10000000e-01  4.05281369e-01 
 9.08311640e-07  9.10000000e-01  4.05279626e-01 
 9.09311640e-07  9.10000000e-01  4.05277783e-01 
 9.10311640e-07  9.10000000e-01  4.05275840e-01 
 9.11311640e-07  9.10000000e-01  4.05273797e-01 
 9.12311640e-07  9.10000000e-01  4.05271656e-01 
 9.13311640e-07  9.10000000e-01  4.05269418e-01 
 9.14311640e-07  9.10000000e-01  4.05267082e-01 
 9.15311640e-07  9.10000000e-01  4.05264650e-01 
 9.16311640e-07  9.10000000e-01  4.05262122e-01 
 9.17311640e-07  9.10000000e-01  4.05259498e-01 
 9.18311640e-07  9.10000000e-01  4.05256781e-01 
 9.19311640e-07  9.10000000e-01  4.05253970e-01 
 9.20311640e-07  9.10000000e-01  4.05251066e-01 
 9.21311640e-07  9.10000000e-01  4.05248069e-01 
 9.22311640e-07  9.10000000e-01  4.05244981e-01 
 9.23311640e-07  9.10000000e-01  4.05241802e-01 
 9.24311640e-07  9.10000000e-01  4.05238532e-01 
 9.25311640e-07  9.10000000e-01  4.05235173e-01 
 9.26311640e-07  9.10000000e-01  4.05231725e-01 
 9.27311640e-07  9.10000000e-01  4.05228188e-01 
 9.28311640e-07  9.10000000e-01  4.05224564e-01 
 9.29311640e-07  9.10000000e-01  4.05220853e-01 
 9.30311640e-07  9.10000000e-01  4.05217056e-01 
 9.31311640e-07  9.10000000e-01  4.05213173e-01 
 9.32311640e-07  9.10000000e-01  4.05209205e-01 
 9.33311640e-07  9.10000000e-01  4.05205153e-01 
 9.34311640e-07  9.10000000e-01  4.05201017e-01 
 9.35311640e-07  9.10000000e-01  4.05196798e-01 
 9.36311640e-07  9.10000000e-01  4.05192497e-01 
 9.37311640e-07  9.10000000e-01  4.05188114e-01 
 9.38311640e-07  9.10000000e-01  4.05183650e-01 
 9.39311640e-07  9.10000000e-01  4.05179107e-01 
 9.40311640e-07  9.10000000e-01  4.05174483e-01 
 9.41311640e-07  9.10000000e-01  4.05169780e-01 
 9.42311640e-07  9.10000000e-01  4.05165000e-01 
 9.43311640e-07  9.10000000e-01  4.05160141e-01 
 9.44311640e-07  9.10000000e-01  4.05155206e-01 
 9.45311640e-07  9.10000000e-01  4.05150194e-01 
 9.46311640e-07  9.10000000e-01  4.05145106e-01 
 9.47311640e-07  9.10000000e-01  4.05139944e-01 
 9.48311640e-07  9.10000000e-01  4.05134707e-01 
 9.49311640e-07  9.10000000e-01  4.05129396e-01 
 9.50311640e-07  9.10000000e-01  4.05124012e-01 
 9.51311640e-07  9.10000000e-01  4.05118556e-01 
 9.52311640e-07  9.10000000e-01  4.05113028e-01 
 9.53311640e-07  9.10000000e-01  4.05107429e-01 
 9.54311640e-07  9.10000000e-01  4.05101759e-01 
 9.55311640e-07  9.10000000e-01  4.05096020e-01 
 9.56311640e-07  9.10000000e-01  4.05090211e-01 
 9.57311640e-07  9.10000000e-01  4.05084334e-01 
 9.58311640e-07  9.10000000e-01  4.05078389e-01 
 9.59311640e-07  9.10000000e-01  4.05072376e-01 
 9.60311640e-07  9.10000000e-01  4.05066297e-01 
 9.61311640e-07  9.10000000e-01  4.05060152e-01 
 9.62311640e-07  9.10000000e-01  4.05053942e-01 
 9.63311640e-07  9.10000000e-01  4.05047667e-01 
 9.64311640e-07  9.10000000e-01  4.05041327e-01 
 9.65311640e-07  9.10000000e-01  4.05034924e-01 
 9.66311640e-07  9.10000000e-01  4.05028459e-01 
 9.67311640e-07  9.10000000e-01  4.05021931e-01 
 9.68311640e-07  9.10000000e-01  4.05015341e-01 
 9.69311640e-07  9.10000000e-01  4.05008691e-01 
 9.70311640e-07  9.10000000e-01  4.05001980e-01 
 9.71311640e-07  9.10000000e-01  4.04995209e-01 
 9.72311640e-07  9.10000000e-01  4.04988380e-01 
 9.73311640e-07  9.10000000e-01  4.04981492e-01 
 9.74311640e-07  9.10000000e-01  4.04974546e-01 
 9.75311640e-07  9.10000000e-01  4.04967542e-01 
 9.76311640e-07  9.10000000e-01  4.04960482e-01 
 9.77311640e-07  9.10000000e-01  4.04953366e-01 
 9.78311640e-07  9.10000000e-01  4.04946195e-01 
 9.79311640e-07  9.10000000e-01  4.04938968e-01 
 9.80311640e-07  9.10000000e-01  4.04931688e-01 
 9.81311640e-07  9.10000000e-01  4.04924354e-01 
 9.82311640e-07  9.10000000e-01  4.04916967e-01 
 9.83311640e-07  9.10000000e-01  4.04909527e-01 
 9.84311640e-07  9.10000000e-01  4.04902036e-01 
 9.85311640e-07  9.10000000e-01  4.04894493e-01 
 9.86311640e-07  9.10000000e-01  4.04886900e-01 
 9.87311640e-07  9.10000000e-01  4.04879257e-01 
 9.88311640e-07  9.10000000e-01  4.04871564e-01 
 9.89311640e-07  9.10000000e-01  4.04863823e-01 
 9.90311640e-07  9.10000000e-01  4.04856033e-01 
 9.91311640e-07  9.10000000e-01  4.04848196e-01 
 9.92311640e-07  9.10000000e-01  4.04840311e-01 
 9.93311640e-07  9.10000000e-01  4.04832380e-01 
 9.94311640e-07  9.10000000e-01  4.04824404e-01 
 9.95311640e-07  9.10000000e-01  4.04816381e-01 
 9.96311640e-07  9.10000000e-01  4.04808314e-01 
 9.97311640e-07  9.10000000e-01  4.04800203e-01 
 9.98311640e-07  9.10000000e-01  4.04792049e-01 
 9.99311640e-07  9.10000000e-01  4.04783851e-01 
 1.00031164e-06  9.10000000e-01  4.04775611e-01 
 1.00131164e-06  9.10000000e-01  4.04767329e-01 
 1.00231164e-06  9.10000000e-01  4.04759005e-01 
 1.00331164e-06  9.10000000e-01  4.04750641e-01 
 1.00431164e-06  9.10000000e-01  4.04742237e-01 
 1.00531164e-06  9.10000000e-01  4.04733793e-01 
 1.00631164e-06  9.10000000e-01  4.04725309e-01 
 1.00731164e-06  9.10000000e-01  4.04716788e-01 
 1.00831164e-06  9.10000000e-01  4.04708228e-01 
 1.00931164e-06  9.10000000e-01  4.04699631e-01 
 1.01031164e-06  9.10000000e-01  4.04690997e-01 
 1.01131164e-06  9.10000000e-01  4.04682327e-01 
 1.01231164e-06  9.10000000e-01  4.04673621e-01 
 1.01331164e-06  9.10000000e-01  4.04664880e-01 
 1.01431164e-06  9.10000000e-01  4.04656104e-01 
 1.01531164e-06  9.10000000e-01  4.04647294e-01 
 1.01631164e-06  9.10000000e-01  4.04638451e-01 
 1.01731164e-06  9.10000000e-01  4.04629574e-01 
 1.01831164e-06  9.10000000e-01  4.04620665e-01 
 1.01931164e-06  9.10000000e-01  4.04611724e-01 
 1.02031164e-06  9.10000000e-01  4.04602751e-01 
 1.02131164e-06  9.10000000e-01  4.04593748e-01 
 1.02231164e-06  9.10000000e-01  4.04584714e-01 
 1.02331164e-06  9.10000000e-01  4.04575650e-01 
 1.02431164e-06  9.10000000e-01  4.04566557e-01 
 1.02531164e-06  9.10000000e-01  4.04557435e-01 
 1.02631164e-06  9.10000000e-01  4.04548284e-01 
 1.02731164e-06  9.10000000e-01  4.04539106e-01 
 1.02831164e-06  9.10000000e-01  4.04529900e-01 
 1.02931164e-06  9.10000000e-01  4.04520668e-01 
 1.03031164e-06  9.10000000e-01  4.04511410e-01 
 1.03131164e-06  9.10000000e-01  4.04502125e-01 
 1.03231164e-06  9.10000000e-01  4.04492816e-01 
 1.03331164e-06  9.10000000e-01  4.04483481e-01 
 1.03431164e-06  9.10000000e-01  4.04474123e-01 
 1.03531164e-06  9.10000000e-01  4.04464740e-01 
 1.03631164e-06  9.10000000e-01  4.04455335e-01 
 1.03731164e-06  9.10000000e-01  4.04445906e-01 
 1.03831164e-06  9.10000000e-01  4.04436456e-01 
 1.03931164e-06  9.10000000e-01  4.04426983e-01 
 1.04031164e-06  9.10000000e-01  4.04417489e-01 
 1.04131164e-06  9.10000000e-01  4.04407975e-01 
 1.04231164e-06  9.10000000e-01  4.04398440e-01 
 1.04331164e-06  9.10000000e-01  4.04388885e-01 
 1.04431164e-06  9.10000000e-01  4.04379311e-01 
 1.04531164e-06  9.10000000e-01  4.04369718e-01 
 1.04631164e-06  9.10000000e-01  4.04360106e-01 
 1.04731164e-06  9.10000000e-01  4.04350477e-01 
 1.04831164e-06  9.10000000e-01  4.04340830e-01 
 1.04931164e-06  9.10000000e-01  4.04331166e-01 
 1.05031164e-06  9.10000000e-01  4.04321485e-01 
 1.05131164e-06  9.10000000e-01  4.04311789e-01 
 1.05231164e-06  9.10000000e-01  4.04302077e-01 
 1.05331164e-06  9.10000000e-01  4.04292349e-01 
 1.05431164e-06  9.10000000e-01  4.04282607e-01 
 1.05531164e-06  9.10000000e-01  4.04272851e-01 
 1.05631164e-06  9.10000000e-01  4.04263080e-01 
 1.05731164e-06  9.10000000e-01  4.04253297e-01 
 1.05831164e-06  9.10000000e-01  4.04243500e-01 
 1.05931164e-06  9.10000000e-01  4.04233691e-01 
 1.06031164e-06  9.10000000e-01  4.04223870e-01 
 1.06131164e-06  9.10000000e-01  4.04214038e-01 
 1.06231164e-06  9.10000000e-01  4.04204194e-01 
 1.06331164e-06  9.10000000e-01  4.04194340e-01 
 1.06431164e-06  9.10000000e-01  4.04184475e-01 
 1.06531164e-06  9.10000000e-01  4.04174600e-01 
 1.06631164e-06  9.10000000e-01  4.04164716e-01 
 1.06731164e-06  9.10000000e-01  4.04154823e-01 
 1.06831164e-06  9.10000000e-01  4.04144922e-01 
 1.06931164e-06  9.10000000e-01  4.04135012e-01 
 1.07031164e-06  9.10000000e-01  4.04125095e-01 
 1.07131164e-06  9.10000000e-01  4.04115170e-01 
 1.07231164e-06  9.10000000e-01  4.04105238e-01 
 1.07331164e-06  9.10000000e-01  4.04095300e-01 
 1.07431164e-06  9.10000000e-01  4.04085356e-01 
 1.07531164e-06  9.10000000e-01  4.04075406e-01 
 1.07631164e-06  9.10000000e-01  4.04065451e-01 
 1.07731164e-06  9.10000000e-01  4.04055491e-01 
 1.07831164e-06  9.10000000e-01  4.04045526e-01 
 1.07931164e-06  9.10000000e-01  4.04035558e-01 
 1.08031164e-06  9.10000000e-01  4.04025585e-01 
 1.08131164e-06  9.10000000e-01  4.04015610e-01 
 1.08231164e-06  9.10000000e-01  4.04005632e-01 
 1.08331164e-06  9.10000000e-01  4.03995651e-01 
 1.08431164e-06  9.10000000e-01  4.03985668e-01 
 1.08531164e-06  9.10000000e-01  4.03975683e-01 
 1.08631164e-06  9.10000000e-01  4.03965697e-01 
 1.08731164e-06  9.10000000e-01  4.03955710e-01 
 1.08831164e-06  9.10000000e-01  4.03945722e-01 
 1.08931164e-06  9.10000000e-01  4.03935735e-01 
 1.09031164e-06  9.10000000e-01  4.03925747e-01 
 1.09131164e-06  9.10000000e-01  4.03915760e-01 
 1.09231164e-06  9.10000000e-01  4.03905774e-01 
 1.09331164e-06  9.10000000e-01  4.03895789e-01 
 1.09431164e-06  9.10000000e-01  4.03885805e-01 
 1.09531164e-06  9.10000000e-01  4.03875824e-01 
 1.09631164e-06  9.10000000e-01  4.03865845e-01 
 1.09731164e-06  9.10000000e-01  4.03855869e-01 
 1.09831164e-06  9.10000000e-01  4.03845896e-01 
 1.09931164e-06  9.10000000e-01  4.03835926e-01 
 1.10031164e-06  9.10000000e-01  4.03825960e-01 
 1.10131164e-06  9.10000000e-01  4.03815998e-01 
 1.10231164e-06  9.10000000e-01  4.03806040e-01 
 1.10331164e-06  9.10000000e-01  4.03796088e-01 
 1.10431164e-06  9.10000000e-01  4.03786140e-01 
 1.10531164e-06  9.10000000e-01  4.03776198e-01 
 1.10631164e-06  9.10000000e-01  4.03766262e-01 
 1.10731164e-06  9.10000000e-01  4.03756332e-01 
 1.10831164e-06  9.10000000e-01  4.03746408e-01 
 1.10931164e-06  9.10000000e-01  4.03736491e-01 
 1.11031164e-06  9.10000000e-01  4.03726582e-01 
 1.11131164e-06  9.10000000e-01  4.03716679e-01 
 1.11231164e-06  9.10000000e-01  4.03706785e-01 
 1.11331164e-06  9.10000000e-01  4.03696899e-01 
 1.11431164e-06  9.10000000e-01  4.03687021e-01 
 1.11531164e-06  9.10000000e-01  4.03677152e-01 
 1.11631164e-06  9.10000000e-01  4.03667291e-01 
 1.11731164e-06  9.10000000e-01  4.03657441e-01 
 1.11831164e-06  9.10000000e-01  4.03647599e-01 
 1.11931164e-06  9.10000000e-01  4.03637768e-01 
 1.12031164e-06  9.10000000e-01  4.03627947e-01 
 1.12131164e-06  9.10000000e-01  4.03618137e-01 
 1.12231164e-06  9.10000000e-01  4.03608337e-01 
 1.12331164e-06  9.10000000e-01  4.03598549e-01 
 1.12431164e-06  9.10000000e-01  4.03588772e-01 
 1.12531164e-06  9.10000000e-01  4.03579007e-01 
 1.12631164e-06  9.10000000e-01  4.03569254e-01 
 1.12731164e-06  9.10000000e-01  4.03559513e-01 
 1.12831164e-06  9.10000000e-01  4.03549785e-01 
 1.12931164e-06  9.10000000e-01  4.03540070e-01 
 1.13031164e-06  9.10000000e-01  4.03530368e-01 
 1.13131164e-06  9.10000000e-01  4.03520679e-01 
 1.13231164e-06  9.10000000e-01  4.03511004e-01 
 1.13331164e-06  9.10000000e-01  4.03501344e-01 
 1.13431164e-06  9.10000000e-01  4.03491697e-01 
 1.13531164e-06  9.10000000e-01  4.03482065e-01 
 1.13631164e-06  9.10000000e-01  4.03472448e-01 
 1.13731164e-06  9.10000000e-01  4.03462846e-01 
 1.13831164e-06  9.10000000e-01  4.03453259e-01 
 1.13931164e-06  9.10000000e-01  4.03443688e-01 
 1.14031164e-06  9.10000000e-01  4.03434132e-01 
 1.14131164e-06  9.10000000e-01  4.03424593e-01 
 1.14231164e-06  9.10000000e-01  4.03415070e-01 
 1.14331164e-06  9.10000000e-01  4.03405564e-01 
 1.14431164e-06  9.10000000e-01  4.03396075e-01 
 1.14531164e-06  9.10000000e-01  4.03386602e-01 
 1.14631164e-06  9.10000000e-01  4.03377148e-01 
 1.14731164e-06  9.10000000e-01  4.03367710e-01 
 1.14831164e-06  9.10000000e-01  4.03358291e-01 
 1.14931164e-06  9.10000000e-01  4.03348890e-01 
 1.15031164e-06  9.10000000e-01  4.03339507e-01 
 1.15131164e-06  9.10000000e-01  4.03330142e-01 
 1.15231164e-06  9.10000000e-01  4.03320797e-01 
 1.15331164e-06  9.10000000e-01  4.03311470e-01 
 1.15431164e-06  9.10000000e-01  4.03302163e-01 
 1.15531164e-06  9.10000000e-01  4.03292875e-01 
 1.15631164e-06  9.10000000e-01  4.03283607e-01 
 1.15731164e-06  9.10000000e-01  4.03274359e-01 
 1.15831164e-06  9.10000000e-01  4.03265130e-01 
 1.15931164e-06  9.10000000e-01  4.03255923e-01 
 1.16031164e-06  9.10000000e-01  4.03246736e-01 
 1.16131164e-06  9.10000000e-01  4.03237569e-01 
 1.16231164e-06  9.10000000e-01  4.03228424e-01 
 1.16331164e-06  9.10000000e-01  4.03219300e-01 
 1.16431164e-06  9.10000000e-01  4.03210197e-01 
 1.16531164e-06  9.10000000e-01  4.03201116e-01 
 1.16631164e-06  9.10000000e-01  4.03192056e-01 
 1.16731164e-06  9.10000000e-01  4.03183019e-01 
 1.16831164e-06  9.10000000e-01  4.03174004e-01 
 1.16931164e-06  9.10000000e-01  4.03165011e-01 
 1.17031164e-06  9.10000000e-01  4.03156041e-01 
 1.17131164e-06  9.10000000e-01  4.03147094e-01 
 1.17231164e-06  9.10000000e-01  4.03138170e-01 
 1.17331164e-06  9.10000000e-01  4.03129269e-01 
 1.17431164e-06  9.10000000e-01  4.03120391e-01 
 1.17531164e-06  9.10000000e-01  4.03111537e-01 
 1.17631164e-06  9.10000000e-01  4.03102707e-01 
 1.17731164e-06  9.10000000e-01  4.03093900e-01 
 1.17831164e-06  9.10000000e-01  4.03085118e-01 
 1.17931164e-06  9.10000000e-01  4.03076360e-01 
 1.18031164e-06  9.10000000e-01  4.03067626e-01 
 1.18131164e-06  9.10000000e-01  4.03058917e-01 
 1.18231164e-06  9.10000000e-01  4.03050233e-01 
 1.18331164e-06  9.10000000e-01  4.03041573e-01 
 1.18431164e-06  9.10000000e-01  4.03032939e-01 
 1.18531164e-06  9.10000000e-01  4.03024330e-01 
 1.18631164e-06  9.10000000e-01  4.03015747e-01 
 1.18731164e-06  9.10000000e-01  4.03007189e-01 
 1.18831164e-06  9.10000000e-01  4.02998657e-01 
 1.18931164e-06  9.10000000e-01  4.02990150e-01 
 1.19031164e-06  9.10000000e-01  4.02981670e-01 
 1.19131164e-06  9.10000000e-01  4.02973216e-01 
 1.19231164e-06  9.10000000e-01  4.02964789e-01 
 1.19331164e-06  9.10000000e-01  4.02956388e-01 
 1.19431164e-06  9.10000000e-01  4.02948014e-01 
 1.19531164e-06  9.10000000e-01  4.02939666e-01 
 1.19631164e-06  9.10000000e-01  4.02931346e-01 
 1.19731164e-06  9.10000000e-01  4.02923052e-01 
 1.19831164e-06  9.10000000e-01  4.02914786e-01 
 1.19931164e-06  9.10000000e-01  4.02906547e-01 
 1.20031164e-06  9.10000000e-01  4.02898336e-01 
 1.20131164e-06  9.10000000e-01  4.02890152e-01 
 1.20231164e-06  9.10000000e-01  4.02881996e-01 
 1.20331164e-06  9.10000000e-01  4.02873868e-01 
 1.20431164e-06  9.10000000e-01  4.02865768e-01 
 1.20531164e-06  9.10000000e-01  4.02857696e-01 
 1.20631164e-06  9.10000000e-01  4.02849653e-01 
 1.20731164e-06  9.10000000e-01  4.02841638e-01 
 1.20831164e-06  9.10000000e-01  4.02833651e-01 
 1.20931164e-06  9.10000000e-01  4.02825693e-01 
 1.21031164e-06  9.10000000e-01  4.02817764e-01 
 1.21131164e-06  9.10000000e-01  4.02809864e-01 
 1.21231164e-06  9.10000000e-01  4.02801992e-01 
 1.21331164e-06  9.10000000e-01  4.02794150e-01 
 1.21431164e-06  9.10000000e-01  4.02786337e-01 
 1.21531164e-06  9.10000000e-01  4.02778553e-01 
 1.21631164e-06  9.10000000e-01  4.02770799e-01 
 1.21731164e-06  9.10000000e-01  4.02763074e-01 
 1.21831164e-06  9.10000000e-01  4.02755379e-01 
 1.21931164e-06  9.10000000e-01  4.02747714e-01 
 1.22031164e-06  9.10000000e-01  4.02740078e-01 
 1.22131164e-06  9.10000000e-01  4.02732473e-01 
 1.22231164e-06  9.10000000e-01  4.02724897e-01 
 1.22331164e-06  9.10000000e-01  4.02717351e-01 
 1.22431164e-06  9.10000000e-01  4.02709836e-01 
 1.22531164e-06  9.10000000e-01  4.02702351e-01 
 1.22631164e-06  9.10000000e-01  4.02694897e-01 
 1.22731164e-06  9.10000000e-01  4.02687473e-01 
 1.22831164e-06  9.10000000e-01  4.02680079e-01 
 1.22931164e-06  9.10000000e-01  4.02672716e-01 
 1.23031164e-06  9.10000000e-01  4.02665384e-01 
 1.23131164e-06  9.10000000e-01  4.02658083e-01 
 1.23231164e-06  9.10000000e-01  4.02650812e-01 
 1.23331164e-06  9.10000000e-01  4.02643573e-01 
 1.23431164e-06  9.10000000e-01  4.02636364e-01 
 1.23531164e-06  9.10000000e-01  4.02629187e-01 
 1.23631164e-06  9.10000000e-01  4.02622041e-01 
 1.23731164e-06  9.10000000e-01  4.02614926e-01 
 1.23831164e-06  9.10000000e-01  4.02607842e-01 
 1.23931164e-06  9.10000000e-01  4.02600790e-01 
 1.24031164e-06  9.10000000e-01  4.02593769e-01 
 1.24131164e-06  9.10000000e-01  4.02586780e-01 
 1.24231164e-06  9.10000000e-01  4.02579822e-01 
 1.24331164e-06  9.10000000e-01  4.02572897e-01 
 1.24431164e-06  9.10000000e-01  4.02566002e-01 
 1.24531164e-06  9.10000000e-01  4.02559140e-01 
 1.24631164e-06  9.10000000e-01  4.02552309e-01 
 1.24731164e-06  9.10000000e-01  4.02545510e-01 
 1.24831164e-06  9.10000000e-01  4.02538744e-01 
 1.24931164e-06  9.10000000e-01  4.02532009e-01 
 1.25031164e-06  9.10000000e-01  4.02525306e-01 
 1.25131164e-06  9.10000000e-01  4.02518635e-01 
 1.25231164e-06  9.10000000e-01  4.02511997e-01 
 1.25331164e-06  9.10000000e-01  4.02505390e-01 
 1.25431164e-06  9.10000000e-01  4.02498816e-01 
 1.25531164e-06  9.10000000e-01  4.02492274e-01 
 1.25631164e-06  9.10000000e-01  4.02485764e-01 
 1.25731164e-06  9.10000000e-01  4.02479287e-01 
 1.25831164e-06  9.10000000e-01  4.02472842e-01 
 1.25931164e-06  9.10000000e-01  4.02466430e-01 
 1.26031164e-06  9.10000000e-01  4.02460050e-01 
 1.26131164e-06  9.10000000e-01  4.02453702e-01 
 1.26231164e-06  9.10000000e-01  4.02447387e-01 
 1.26331164e-06  9.10000000e-01  4.02441105e-01 
 1.26431164e-06  9.10000000e-01  4.02434855e-01 
 1.26531164e-06  9.10000000e-01  4.02428638e-01 
 1.26631164e-06  9.10000000e-01  4.02422453e-01 
 1.26731164e-06  9.10000000e-01  4.02416301e-01 
 1.26831164e-06  9.10000000e-01  4.02410182e-01 
 1.26931164e-06  9.10000000e-01  4.02404096e-01 
 1.27031164e-06  9.10000000e-01  4.02398042e-01 
 1.27131164e-06  9.10000000e-01  4.02392021e-01 
 1.27231164e-06  9.10000000e-01  4.02386033e-01 
 1.27331164e-06  9.10000000e-01  4.02380077e-01 
 1.27431164e-06  9.10000000e-01  4.02374155e-01 
 1.27531164e-06  9.10000000e-01  4.02368265e-01 
 1.27631164e-06  9.10000000e-01  4.02362408e-01 
 1.27731164e-06  9.10000000e-01  4.02356584e-01 
 1.27831164e-06  9.10000000e-01  4.02350793e-01 
 1.27931164e-06  9.10000000e-01  4.02345034e-01 
 1.28031164e-06  9.10000000e-01  4.02339309e-01 
 1.28131164e-06  9.10000000e-01  4.02333617e-01 
 1.28231164e-06  9.10000000e-01  4.02327957e-01 
 1.28331164e-06  9.10000000e-01  4.02322330e-01 
 1.28431164e-06  9.10000000e-01  4.02316736e-01 
 1.28531164e-06  9.10000000e-01  4.02311176e-01 
 1.28631164e-06  9.10000000e-01  4.02305648e-01 
 1.28731164e-06  9.10000000e-01  4.02300153e-01 
 1.28831164e-06  9.10000000e-01  4.02294690e-01 
 1.28931164e-06  9.10000000e-01  4.02289261e-01 
 1.29031164e-06  9.10000000e-01  4.02283865e-01 
 1.29131164e-06  9.10000000e-01  4.02278501e-01 
 1.29231164e-06  9.10000000e-01  4.02273171e-01 
 1.29331164e-06  9.10000000e-01  4.02267873e-01 
 1.29431164e-06  9.10000000e-01  4.02262609e-01 
 1.29531164e-06  9.10000000e-01  4.02257377e-01 
 1.29631164e-06  9.10000000e-01  4.02252178e-01 
 1.29731164e-06  9.10000000e-01  4.02247012e-01 
 1.29831164e-06  9.10000000e-01  4.02241878e-01 
 1.29931164e-06  9.10000000e-01  4.02236778e-01 
 1.30031164e-06  9.10000000e-01  4.02231710e-01 
 1.30131164e-06  9.10000000e-01  4.02226675e-01 
 1.30231164e-06  9.10000000e-01  4.02221673e-01 
 1.30331164e-06  9.10000000e-01  4.02216704e-01 
 1.30431164e-06  9.10000000e-01  4.02211767e-01 
 1.30531164e-06  9.10000000e-01  4.02206863e-01 
 1.30631164e-06  9.10000000e-01  4.02201992e-01 
 1.30731164e-06  9.10000000e-01  4.02197153e-01 
 1.30831164e-06  9.10000000e-01  4.02192348e-01 
 1.30931164e-06  9.10000000e-01  4.02187574e-01 
 1.31031164e-06  9.10000000e-01  4.02182834e-01 
 1.31131164e-06  9.10000000e-01  4.02178126e-01 
 1.31231164e-06  9.10000000e-01  4.02173450e-01 
 1.31331164e-06  9.10000000e-01  4.02168807e-01 
 1.31431164e-06  9.10000000e-01  4.02164196e-01 
 1.31531164e-06  9.10000000e-01  4.02159618e-01 
 1.31631164e-06  9.10000000e-01  4.02155073e-01 
 1.31731164e-06  9.10000000e-01  4.02150559e-01 
 1.31831164e-06  9.10000000e-01  4.02146078e-01 
 1.31931164e-06  9.10000000e-01  4.02141630e-01 
 1.32031164e-06  9.10000000e-01  4.02137214e-01 
 1.32131164e-06  9.10000000e-01  4.02132830e-01 
 1.32231164e-06  9.10000000e-01  4.02128478e-01 
 1.32331164e-06  9.10000000e-01  4.02124158e-01 
 1.32431164e-06  9.10000000e-01  4.02119870e-01 
 1.32531164e-06  9.10000000e-01  4.02115615e-01 
 1.32631164e-06  9.10000000e-01  4.02111391e-01 
 1.32731164e-06  9.10000000e-01  4.02107200e-01 
 1.32831164e-06  9.10000000e-01  4.02103041e-01 
 1.32931164e-06  9.10000000e-01  4.02098913e-01 
 1.33031164e-06  9.10000000e-01  4.02094817e-01 
 1.33131164e-06  9.10000000e-01  4.02090754e-01 
 1.33231164e-06  9.10000000e-01  4.02086722e-01 
 1.33331164e-06  9.10000000e-01  4.02082721e-01 
 1.33431164e-06  9.10000000e-01  4.02078753e-01 
 1.33531164e-06  9.10000000e-01  4.02074816e-01 
 1.33631164e-06  9.10000000e-01  4.02070910e-01 
 1.33731164e-06  9.10000000e-01  4.02067036e-01 
 1.33831164e-06  9.10000000e-01  4.02063194e-01 
 1.33931164e-06  9.10000000e-01  4.02059383e-01 
 1.34031164e-06  9.10000000e-01  4.02055603e-01 
 1.34131164e-06  9.10000000e-01  4.02051855e-01 
 1.34231164e-06  9.10000000e-01  4.02048138e-01 
 1.34331164e-06  9.10000000e-01  4.02044452e-01 
 1.34431164e-06  9.10000000e-01  4.02040797e-01 
 1.34531164e-06  9.10000000e-01  4.02037174e-01 
 1.34631164e-06  9.10000000e-01  4.02033581e-01 
 1.34731164e-06  9.10000000e-01  4.02030020e-01 
 1.34831164e-06  9.10000000e-01  4.02026489e-01 
 1.34931164e-06  9.10000000e-01  4.02022989e-01 
 1.35031164e-06  9.10000000e-01  4.02019520e-01 
 1.35131164e-06  9.10000000e-01  4.02016082e-01 
 1.35231164e-06  9.10000000e-01  4.02012674e-01 
 1.35331164e-06  9.10000000e-01  4.02009297e-01 
 1.35431164e-06  9.10000000e-01  4.02005951e-01 
 1.35531164e-06  9.10000000e-01  4.02002635e-01 
 1.35631164e-06  9.10000000e-01  4.01999349e-01 
 1.35731164e-06  9.10000000e-01  4.01996094e-01 
 1.35831164e-06  9.10000000e-01  4.01992869e-01 
 1.35931164e-06  9.10000000e-01  4.01989674e-01 
 1.36031164e-06  9.10000000e-01  4.01986509e-01 
 1.36131164e-06  9.10000000e-01  4.01983375e-01 
 1.36231164e-06  9.10000000e-01  4.01980270e-01 
 1.36331164e-06  9.10000000e-01  4.01977196e-01 
 1.36431164e-06  9.10000000e-01  4.01974151e-01 
 1.36531164e-06  9.10000000e-01  4.01971136e-01 
 1.36631164e-06  9.10000000e-01  4.01968150e-01 
 1.36731164e-06  9.10000000e-01  4.01965195e-01 
 1.36831164e-06  9.10000000e-01  4.01962269e-01 
 1.36931164e-06  9.10000000e-01  4.01959372e-01 
 1.37031164e-06  9.10000000e-01  4.01956505e-01 
 1.37131164e-06  9.10000000e-01  4.01953667e-01 
 1.37231164e-06  9.10000000e-01  4.01950858e-01 
 1.37331164e-06  9.10000000e-01  4.01948079e-01 
 1.37431164e-06  9.10000000e-01  4.01945328e-01 
 1.37531164e-06  9.10000000e-01  4.01942607e-01 
 1.37631164e-06  9.10000000e-01  4.01939914e-01 
 1.37731164e-06  9.10000000e-01  4.01937251e-01 
 1.37831164e-06  9.10000000e-01  4.01934616e-01 
 1.37931164e-06  9.10000000e-01  4.01932010e-01 
 1.38031164e-06  9.10000000e-01  4.01929433e-01 
 1.38131164e-06  9.10000000e-01  4.01926884e-01 
 1.38231164e-06  9.10000000e-01  4.01924363e-01 
 1.38331164e-06  9.10000000e-01  4.01921871e-01 
 1.38431164e-06  9.10000000e-01  4.01919408e-01 
 1.38531164e-06  9.10000000e-01  4.01916972e-01 
 1.38631164e-06  9.10000000e-01  4.01914565e-01 
 1.38731164e-06  9.10000000e-01  4.01912185e-01 
 1.38831164e-06  9.10000000e-01  4.01909834e-01 
 1.38931164e-06  9.10000000e-01  4.01907511e-01 
 1.39031164e-06  9.10000000e-01  4.01905215e-01 
 1.39131164e-06  9.10000000e-01  4.01902947e-01 
 1.39231164e-06  9.10000000e-01  4.01900706e-01 
 1.39331164e-06  9.10000000e-01  4.01898493e-01 
 1.39431164e-06  9.10000000e-01  4.01896308e-01 
 1.39531164e-06  9.10000000e-01  4.01894150e-01 
 1.39631164e-06  9.10000000e-01  4.01892019e-01 
 1.39731164e-06  9.10000000e-01  4.01889915e-01 
 1.39831164e-06  9.10000000e-01  4.01887839e-01 
 1.39931164e-06  9.10000000e-01  4.01885789e-01 
 1.40031164e-06  9.10000000e-01  4.01883766e-01 
 1.40131164e-06  9.10000000e-01  4.01881770e-01 
 1.40231164e-06  9.10000000e-01  4.01879801e-01 
 1.40331164e-06  9.10000000e-01  4.01877858e-01 
 1.40431164e-06  9.10000000e-01  4.01875942e-01 
 1.40531164e-06  9.10000000e-01  4.01874053e-01 
 1.40631164e-06  9.10000000e-01  4.01872189e-01 
 1.40731164e-06  9.10000000e-01  4.01870352e-01 
 1.40831164e-06  9.10000000e-01  4.01868542e-01 
 1.40931164e-06  9.10000000e-01  4.01866757e-01 
 1.41031164e-06  9.10000000e-01  4.01864998e-01 
 1.41131164e-06  9.10000000e-01  4.01863265e-01 
 1.41231164e-06  9.10000000e-01  4.01861558e-01 
 1.41331164e-06  9.10000000e-01  4.01859876e-01 
 1.41431164e-06  9.10000000e-01  4.01858220e-01 
 1.41531164e-06  9.10000000e-01  4.01856590e-01 
 1.41631164e-06  9.10000000e-01  4.01854985e-01 
 1.41731164e-06  9.10000000e-01  4.01853405e-01 
 1.41831164e-06  9.10000000e-01  4.01851850e-01 
 1.41931164e-06  9.10000000e-01  4.01850321e-01 
 1.42031164e-06  9.10000000e-01  4.01848816e-01 
 1.42131164e-06  9.10000000e-01  4.01847337e-01 
 1.42231164e-06  9.10000000e-01  4.01845882e-01 
 1.42331164e-06  9.10000000e-01  4.01844452e-01 
 1.42431164e-06  9.10000000e-01  4.01843047e-01 
 1.42531164e-06  9.10000000e-01  4.01841666e-01 
 1.42631164e-06  9.10000000e-01  4.01840309e-01 
 1.42731164e-06  9.10000000e-01  4.01838977e-01 
 1.42831164e-06  9.10000000e-01  4.01837669e-01 
 1.42931164e-06  9.10000000e-01  4.01836385e-01 
 1.43031164e-06  9.10000000e-01  4.01835125e-01 
 1.43131164e-06  9.10000000e-01  4.01833889e-01 
 1.43231164e-06  9.10000000e-01  4.01832677e-01 
 1.43331164e-06  9.10000000e-01  4.01831488e-01 
 1.43431164e-06  9.10000000e-01  4.01830323e-01 
 1.43531164e-06  9.10000000e-01  4.01829182e-01 
 1.43631164e-06  9.10000000e-01  4.01828064e-01 
 1.43731164e-06  9.10000000e-01  4.01826969e-01 
 1.43831164e-06  9.10000000e-01  4.01825897e-01 
 1.43931164e-06  9.10000000e-01  4.01824849e-01 
 1.44031164e-06  9.10000000e-01  4.01823823e-01 
 1.44131164e-06  9.10000000e-01  4.01822821e-01 
 1.44231164e-06  9.10000000e-01  4.01821841e-01 
 1.44331164e-06  9.10000000e-01  4.01820884e-01 
 1.44431164e-06  9.10000000e-01  4.01819949e-01 
 1.44531164e-06  9.10000000e-01  4.01819037e-01 
 1.44631164e-06  9.10000000e-01  4.01818147e-01 
 1.44731164e-06  9.10000000e-01  4.01817279e-01 
 1.44831164e-06  9.10000000e-01  4.01816434e-01 
 1.44931164e-06  9.10000000e-01  4.01815611e-01 
 1.45031164e-06  9.10000000e-01  4.01814809e-01 
 1.45131164e-06  9.10000000e-01  4.01814030e-01 
 1.45231164e-06  9.10000000e-01  4.01813272e-01 
 1.45331164e-06  9.10000000e-01  4.01812535e-01 
 1.45431164e-06  9.10000000e-01  4.01811821e-01 
 1.45531164e-06  9.10000000e-01  4.01811127e-01 
 1.45631164e-06  9.10000000e-01  4.01810455e-01 
 1.45731164e-06  9.10000000e-01  4.01809805e-01 
 1.45831164e-06  9.10000000e-01  4.01809175e-01 
 1.45931164e-06  9.10000000e-01  4.01808566e-01 
 1.46031164e-06  9.10000000e-01  4.01807978e-01 
 1.46131164e-06  9.10000000e-01  4.01807411e-01 
 1.46231164e-06  9.10000000e-01  4.01806865e-01 
 1.46331164e-06  9.10000000e-01  4.01806339e-01 
 1.46431164e-06  9.10000000e-01  4.01805833e-01 
 1.46531164e-06  9.10000000e-01  4.01805348e-01 
 1.46631164e-06  9.10000000e-01  4.01804884e-01 
 1.46731164e-06  9.10000000e-01  4.01804439e-01 
 1.46831164e-06  9.10000000e-01  4.01804014e-01 
 1.46931164e-06  9.10000000e-01  4.01803610e-01 
 1.47031164e-06  9.10000000e-01  4.01803225e-01 
 1.47131164e-06  9.10000000e-01  4.01802859e-01 
 1.47231164e-06  9.10000000e-01  4.01802514e-01 
 1.47331164e-06  9.10000000e-01  4.01802188e-01 
 1.47431164e-06  9.10000000e-01  4.01801881e-01 
 1.47531164e-06  9.10000000e-01  4.01801593e-01 
 1.47631164e-06  9.10000000e-01  4.01801325e-01 
 1.47731164e-06  9.10000000e-01  4.01801076e-01 
 1.47831164e-06  9.10000000e-01  4.01800846e-01 
 1.47931164e-06  9.10000000e-01  4.01800634e-01 
 1.48031164e-06  9.10000000e-01  4.01800441e-01 
 1.48131164e-06  9.10000000e-01  4.01800267e-01 
 1.48231164e-06  9.10000000e-01  4.01800112e-01 
 1.48331164e-06  9.10000000e-01  4.01799975e-01 
 1.48431164e-06  9.10000000e-01  4.01799856e-01 
 1.48531164e-06  9.10000000e-01  4.01799755e-01 
 1.48631164e-06  9.10000000e-01  4.01799672e-01 
 1.48731164e-06  9.10000000e-01  4.01799608e-01 
 1.48831164e-06  9.10000000e-01  4.01799561e-01 
 1.48931164e-06  9.10000000e-01  4.01799532e-01 
 1.49031164e-06  9.10000000e-01  4.01799521e-01 
 1.49131164e-06  9.10000000e-01  4.01799527e-01 
 1.49231164e-06  9.10000000e-01  4.01799551e-01 
 1.49331164e-06  9.10000000e-01  4.01799592e-01 
 1.49431164e-06  9.10000000e-01  4.01799650e-01 
 1.49531164e-06  9.10000000e-01  4.01799726e-01 
 1.49631164e-06  9.10000000e-01  4.01799818e-01 
 1.49731164e-06  9.10000000e-01  4.01799928e-01 
 1.49831164e-06  9.10000000e-01  4.01800054e-01 
 1.49931164e-06  9.10000000e-01  4.01800197e-01 
 1.50031164e-06  9.10000000e-01  4.01800356e-01 
 1.50131164e-06  9.10000000e-01  4.01800532e-01 
 1.50231164e-06  9.10000000e-01  4.01800724e-01 
 1.50331164e-06  9.10000000e-01  4.01800933e-01 
 1.50431164e-06  9.10000000e-01  4.01801157e-01 
 1.50531164e-06  9.10000000e-01  4.01801398e-01 
 1.50631164e-06  9.10000000e-01  4.01801655e-01 
 1.50731164e-06  9.10000000e-01  4.01801927e-01 
 1.50831164e-06  9.10000000e-01  4.01802216e-01 
 1.50931164e-06  9.10000000e-01  4.01802519e-01 
 1.51031164e-06  9.10000000e-01  4.01802839e-01 
 1.51131164e-06  9.10000000e-01  4.01803174e-01 
 1.51231164e-06  9.10000000e-01  4.01803524e-01 
 1.51331164e-06  9.10000000e-01  4.01803889e-01 
 1.51431164e-06  9.10000000e-01  4.01804269e-01 
 1.51531164e-06  9.10000000e-01  4.01804665e-01 
 1.51631164e-06  9.10000000e-01  4.01805075e-01 
 1.51731164e-06  9.10000000e-01  4.01805500e-01 
 1.51831164e-06  9.10000000e-01  4.01805940e-01 
 1.51931164e-06  9.10000000e-01  4.01806394e-01 
 1.52031164e-06  9.10000000e-01  4.01806863e-01 
 1.52131164e-06  9.10000000e-01  4.01807346e-01 
 1.52231164e-06  9.10000000e-01  4.01807843e-01 
 1.52331164e-06  9.10000000e-01  4.01808355e-01 
 1.52431164e-06  9.10000000e-01  4.01808880e-01 
 1.52531164e-06  9.10000000e-01  4.01809420e-01 
 1.52631164e-06  9.10000000e-01  4.01809973e-01 
 1.52731164e-06  9.10000000e-01  4.01810540e-01 
 1.52831164e-06  9.10000000e-01  4.01811120e-01 
 1.52931164e-06  9.10000000e-01  4.01811715e-01 
 1.53031164e-06  9.10000000e-01  4.01812322e-01 
 1.53131164e-06  9.10000000e-01  4.01812943e-01 
 1.53231164e-06  9.10000000e-01  4.01813577e-01 
 1.53331164e-06  9.10000000e-01  4.01814224e-01 
 1.53431164e-06  9.10000000e-01  4.01814884e-01 
 1.53531164e-06  9.10000000e-01  4.01815557e-01 
 1.53631164e-06  9.10000000e-01  4.01816243e-01 
 1.53731164e-06  9.10000000e-01  4.01816941e-01 
 1.53831164e-06  9.10000000e-01  4.01817652e-01 
 1.53931164e-06  9.10000000e-01  4.01818376e-01 
 1.54031164e-06  9.10000000e-01  4.01819112e-01 
 1.54131164e-06  9.10000000e-01  4.01819860e-01 
 1.54231164e-06  9.10000000e-01  4.01820620e-01 
 1.54331164e-06  9.10000000e-01  4.01821393e-01 
 1.54431164e-06  9.10000000e-01  4.01822177e-01 
 1.54531164e-06  9.10000000e-01  4.01822973e-01 
 1.54631164e-06  9.10000000e-01  4.01823782e-01 
 1.54731164e-06  9.10000000e-01  4.01824601e-01 
 1.54831164e-06  9.10000000e-01  4.01825432e-01 
 1.54931164e-06  9.10000000e-01  4.01826275e-01 
 1.55031164e-06  9.10000000e-01  4.01827129e-01 
 1.55131164e-06  9.10000000e-01  4.01827995e-01 
 1.55231164e-06  9.10000000e-01  4.01828871e-01 
 1.55331164e-06  9.10000000e-01  4.01829759e-01 
 1.55431164e-06  9.10000000e-01  4.01830657e-01 
 1.55531164e-06  9.10000000e-01  4.01831566e-01 
 1.55631164e-06  9.10000000e-01  4.01832487e-01 
 1.55731164e-06  9.10000000e-01  4.01833417e-01 
 1.55831164e-06  9.10000000e-01  4.01834359e-01 
 1.55931164e-06  9.10000000e-01  4.01835311e-01 
 1.56031164e-06  9.10000000e-01  4.01836273e-01 
 1.56131164e-06  9.10000000e-01  4.01837245e-01 
 1.56231164e-06  9.10000000e-01  4.01838228e-01 
 1.56331164e-06  9.10000000e-01  4.01839221e-01 
 1.56431164e-06  9.10000000e-01  4.01840223e-01 
 1.56531164e-06  9.10000000e-01  4.01841236e-01 
 1.56631164e-06  9.10000000e-01  4.01842258e-01 
 1.56731164e-06  9.10000000e-01  4.01843290e-01 
 1.56831164e-06  9.10000000e-01  4.01844332e-01 
 1.56931164e-06  9.10000000e-01  4.01845383e-01 
 1.57031164e-06  9.10000000e-01  4.01846443e-01 
 1.57131164e-06  9.10000000e-01  4.01847513e-01 
 1.57231164e-06  9.10000000e-01  4.01848592e-01 
 1.57331164e-06  9.10000000e-01  4.01849680e-01 
 1.57431164e-06  9.10000000e-01  4.01850777e-01 
 1.57531164e-06  9.10000000e-01  4.01851883e-01 
 1.57631164e-06  9.10000000e-01  4.01852998e-01 
 1.57731164e-06  9.10000000e-01  4.01854122e-01 
 1.57831164e-06  9.10000000e-01  4.01855254e-01 
 1.57931164e-06  9.10000000e-01  4.01856395e-01 
 1.58031164e-06  9.10000000e-01  4.01857544e-01 
 1.58131164e-06  9.10000000e-01  4.01858702e-01 
 1.58231164e-06  9.10000000e-01  4.01859867e-01 
 1.58331164e-06  9.10000000e-01  4.01861041e-01 
 1.58431164e-06  9.10000000e-01  4.01862224e-01 
 1.58531164e-06  9.10000000e-01  4.01863414e-01 
 1.58631164e-06  9.10000000e-01  4.01864612e-01 
 1.58731164e-06  9.10000000e-01  4.01865817e-01 
 1.58831164e-06  9.10000000e-01  4.01867031e-01 
 1.58931164e-06  9.10000000e-01  4.01868252e-01 
 1.59031164e-06  9.10000000e-01  4.01869480e-01 
 1.59131164e-06  9.10000000e-01  4.01870716e-01 
 1.59231164e-06  9.10000000e-01  4.01871960e-01 
 1.59331164e-06  9.10000000e-01  4.01873210e-01 
 1.59431164e-06  9.10000000e-01  4.01874468e-01 
 1.59531164e-06  9.10000000e-01  4.01875733e-01 
 1.59631164e-06  9.10000000e-01  4.01877005e-01 
 1.59731164e-06  9.10000000e-01  4.01878284e-01 
 1.59831164e-06  9.10000000e-01  4.01879569e-01 
 1.59931164e-06  9.10000000e-01  4.01880862e-01 
 1.60031164e-06  9.10000000e-01  4.01882161e-01 
 1.60131164e-06  9.10000000e-01  4.01883466e-01 
 1.60231164e-06  9.10000000e-01  4.01884778e-01 
 1.60331164e-06  9.10000000e-01  4.01886096e-01 
 1.60431164e-06  9.10000000e-01  4.01887421e-01 
 1.60531164e-06  9.10000000e-01  4.01888752e-01 
 1.60631164e-06  9.10000000e-01  4.01890089e-01 
 1.60731164e-06  9.10000000e-01  4.01891432e-01 
 1.60831164e-06  9.10000000e-01  4.01892780e-01 
 1.60931164e-06  9.10000000e-01  4.01894135e-01 
 1.61031164e-06  9.10000000e-01  4.01895496e-01 
 1.61131164e-06  9.10000000e-01  4.01896862e-01 
 1.61231164e-06  9.10000000e-01  4.01898234e-01 
 1.61331164e-06  9.10000000e-01  4.01899611e-01 
 1.61431164e-06  9.10000000e-01  4.01900994e-01 
 1.61531164e-06  9.10000000e-01  4.01902382e-01 
 1.61631164e-06  9.10000000e-01  4.01903775e-01 
 1.61731164e-06  9.10000000e-01  4.01905174e-01 
 1.61831164e-06  9.10000000e-01  4.01906577e-01 
 1.61931164e-06  9.10000000e-01  4.01907986e-01 
 1.62031164e-06  9.10000000e-01  4.01909400e-01 
 1.62131164e-06  9.10000000e-01  4.01910818e-01 
 1.62231164e-06  9.10000000e-01  4.01912241e-01 
 1.62331164e-06  9.10000000e-01  4.01913669e-01 
 1.62431164e-06  9.10000000e-01  4.01915102e-01 
 1.62531164e-06  9.10000000e-01  4.01916539e-01 
 1.62631164e-06  9.10000000e-01  4.01917981e-01 
 1.62731164e-06  9.10000000e-01  4.01919427e-01 
 1.62831164e-06  9.10000000e-01  4.01920877e-01 
 1.62931164e-06  9.10000000e-01  4.01922331e-01 
 1.63031164e-06  9.10000000e-01  4.01923790e-01 
 1.63131164e-06  9.10000000e-01  4.01925253e-01 
 1.63231164e-06  9.10000000e-01  4.01926719e-01 
 1.63331164e-06  9.10000000e-01  4.01928190e-01 
 1.63431164e-06  9.10000000e-01  4.01929664e-01 
 1.63531164e-06  9.10000000e-01  4.01931142e-01 
 1.63631164e-06  9.10000000e-01  4.01932624e-01 
 1.63731164e-06  9.10000000e-01  4.01934109e-01 
 1.63831164e-06  9.10000000e-01  4.01935598e-01 
 1.63931164e-06  9.10000000e-01  4.01937091e-01 
 1.64031164e-06  9.10000000e-01  4.01938586e-01 
 1.64131164e-06  9.10000000e-01  4.01940085e-01 
 1.64231164e-06  9.10000000e-01  4.01941588e-01 
 1.64331164e-06  9.10000000e-01  4.01943093e-01 
 1.64431164e-06  9.10000000e-01  4.01944602e-01 
 1.64531164e-06  9.10000000e-01  4.01946113e-01 
 1.64631164e-06  9.10000000e-01  4.01947628e-01 
 1.64731164e-06  9.10000000e-01  4.01949145e-01 
 1.64831164e-06  9.10000000e-01  4.01950665e-01 
 1.64931164e-06  9.10000000e-01  4.01952188e-01 
 1.65031164e-06  9.10000000e-01  4.01953713e-01 
 1.65131164e-06  9.10000000e-01  4.01955241e-01 
 1.65231164e-06  9.10000000e-01  4.01956772e-01 
 1.65331164e-06  9.10000000e-01  4.01958304e-01 
 1.65431164e-06  9.10000000e-01  4.01959840e-01 
 1.65531164e-06  9.10000000e-01  4.01961377e-01 
 1.65631164e-06  9.10000000e-01  4.01962917e-01 
 1.65731164e-06  9.10000000e-01  4.01964459e-01 
 1.65831164e-06  9.10000000e-01  4.01966003e-01 
 1.65931164e-06  9.10000000e-01  4.01967549e-01 
 1.66031164e-06  9.10000000e-01  4.01969097e-01 
 1.66131164e-06  9.10000000e-01  4.01970647e-01 
 1.66231164e-06  9.10000000e-01  4.01972198e-01 
 1.66331164e-06  9.10000000e-01  4.01973752e-01 
 1.66431164e-06  9.10000000e-01  4.01975307e-01 
 1.66531164e-06  9.10000000e-01  4.01976863e-01 
 1.66631164e-06  9.10000000e-01  4.01978421e-01 
 1.66731164e-06  9.10000000e-01  4.01979981e-01 
 1.66831164e-06  9.10000000e-01  4.01981542e-01 
 1.66931164e-06  9.10000000e-01  4.01983104e-01 
 1.67031164e-06  9.10000000e-01  4.01984668e-01 
 1.67131164e-06  9.10000000e-01  4.01986233e-01 
 1.67231164e-06  9.10000000e-01  4.01987799e-01 
 1.67331164e-06  9.10000000e-01  4.01989366e-01 
 1.67431164e-06  9.10000000e-01  4.01990934e-01 
 1.67531164e-06  9.10000000e-01  4.01992503e-01 
 1.67631164e-06  9.10000000e-01  4.01994073e-01 
 1.67731164e-06  9.10000000e-01  4.01995644e-01 
 1.67831164e-06  9.10000000e-01  4.01997216e-01 
 1.67931164e-06  9.10000000e-01  4.01998788e-01 
 1.68031164e-06  9.10000000e-01  4.02000361e-01 
 1.68131164e-06  9.10000000e-01  4.02001934e-01 
 1.68231164e-06  9.10000000e-01  4.02003508e-01 
 1.68331164e-06  9.10000000e-01  4.02005083e-01 
 1.68431164e-06  9.10000000e-01  4.02006658e-01 
 1.68531164e-06  9.10000000e-01  4.02008233e-01 
 1.68631164e-06  9.10000000e-01  4.02009808e-01 
 1.68731164e-06  9.10000000e-01  4.02011384e-01 
 1.68831164e-06  9.10000000e-01  4.02012960e-01 
 1.68931164e-06  9.10000000e-01  4.02014536e-01 
 1.69031164e-06  9.10000000e-01  4.02016112e-01 
 1.69131164e-06  9.10000000e-01  4.02017688e-01 
 1.69231164e-06  9.10000000e-01  4.02019264e-01 
 1.69331164e-06  9.10000000e-01  4.02020840e-01 
 1.69431164e-06  9.10000000e-01  4.02022416e-01 
 1.69531164e-06  9.10000000e-01  4.02023992e-01 
 1.69631164e-06  9.10000000e-01  4.02025567e-01 
 1.69731164e-06  9.10000000e-01  4.02027142e-01 
 1.69831164e-06  9.10000000e-01  4.02028716e-01 
 1.69931164e-06  9.10000000e-01  4.02030290e-01 
 1.70031164e-06  9.10000000e-01  4.02031864e-01 
 1.70131164e-06  9.10000000e-01  4.02033436e-01 
 1.70231164e-06  9.10000000e-01  4.02035009e-01 
 1.70331164e-06  9.10000000e-01  4.02036580e-01 
 1.70431164e-06  9.10000000e-01  4.02038151e-01 
 1.70531164e-06  9.10000000e-01  4.02039722e-01 
 1.70631164e-06  9.10000000e-01  4.02041291e-01 
 1.70731164e-06  9.10000000e-01  4.02042859e-01 
 1.70831164e-06  9.10000000e-01  4.02044427e-01 
 1.70931164e-06  9.10000000e-01  4.02045993e-01 
 1.71031164e-06  9.10000000e-01  4.02047559e-01 
 1.71131164e-06  9.10000000e-01  4.02049123e-01 
 1.71231164e-06  9.10000000e-01  4.02050687e-01 
 1.71331164e-06  9.10000000e-01  4.02052249e-01 
 1.71431164e-06  9.10000000e-01  4.02053810e-01 
 1.71531164e-06  9.10000000e-01  4.02055369e-01 
 1.71631164e-06  9.10000000e-01  4.02056928e-01 
 1.71731164e-06  9.10000000e-01  4.02058484e-01 
 1.71831164e-06  9.10000000e-01  4.02060040e-01 
 1.71931164e-06  9.10000000e-01  4.02061594e-01 
 1.72031164e-06  9.10000000e-01  4.02063146e-01 
 1.72131164e-06  9.10000000e-01  4.02064697e-01 
 1.72231164e-06  9.10000000e-01  4.02066247e-01 
 1.72331164e-06  9.10000000e-01  4.02067794e-01 
 1.72431164e-06  9.10000000e-01  4.02069340e-01 
 1.72531164e-06  9.10000000e-01  4.02070884e-01 
 1.72631164e-06  9.10000000e-01  4.02072427e-01 
 1.72731164e-06  9.10000000e-01  4.02073967e-01 
 1.72831164e-06  9.10000000e-01  4.02075506e-01 
 1.72931164e-06  9.10000000e-01  4.02077043e-01 
 1.73031164e-06  9.10000000e-01  4.02078577e-01 
 1.73131164e-06  9.10000000e-01  4.02080110e-01 
 1.73231164e-06  9.10000000e-01  4.02081641e-01 
 1.73331164e-06  9.10000000e-01  4.02083169e-01 
 1.73431164e-06  9.10000000e-01  4.02084695e-01 
 1.73531164e-06  9.10000000e-01  4.02086220e-01 
 1.73631164e-06  9.10000000e-01  4.02087742e-01 
 1.73731164e-06  9.10000000e-01  4.02089261e-01 
 1.73831164e-06  9.10000000e-01  4.02090779e-01 
 1.73931164e-06  9.10000000e-01  4.02092294e-01 
 1.74031164e-06  9.10000000e-01  4.02093806e-01 
 1.74131164e-06  9.10000000e-01  4.02095316e-01 
 1.74231164e-06  9.10000000e-01  4.02096824e-01 
 1.74331164e-06  9.10000000e-01  4.02098329e-01 
 1.74431164e-06  9.10000000e-01  4.02099832e-01 
 1.74531164e-06  9.10000000e-01  4.02101332e-01 
 1.74631164e-06  9.10000000e-01  4.02102829e-01 
 1.74731164e-06  9.10000000e-01  4.02104324e-01 
 1.74831164e-06  9.10000000e-01  4.02105816e-01 
 1.74931164e-06  9.10000000e-01  4.02107305e-01 
 1.75031164e-06  9.10000000e-01  4.02108792e-01 
 1.75131164e-06  9.10000000e-01  4.02110275e-01 
 1.75231164e-06  9.10000000e-01  4.02111756e-01 
 1.75331164e-06  9.10000000e-01  4.02113234e-01 
 1.75431164e-06  9.10000000e-01  4.02114709e-01 
 1.75531164e-06  9.10000000e-01  4.02116181e-01 
 1.75631164e-06  9.10000000e-01  4.02117650e-01 
 1.75731164e-06  9.10000000e-01  4.02119116e-01 
 1.75831164e-06  9.10000000e-01  4.02120579e-01 
 1.75931164e-06  9.10000000e-01  4.02122039e-01 
 1.76031164e-06  9.10000000e-01  4.02123495e-01 
 1.76131164e-06  9.10000000e-01  4.02124949e-01 
 1.76231164e-06  9.10000000e-01  4.02126399e-01 
 1.76331164e-06  9.10000000e-01  4.02127846e-01 
 1.76431164e-06  9.10000000e-01  4.02129290e-01 
 1.76531164e-06  9.10000000e-01  4.02130730e-01 
 1.76631164e-06  9.10000000e-01  4.02132167e-01 
 1.76731164e-06  9.10000000e-01  4.02133601e-01 
 1.76831164e-06  9.10000000e-01  4.02135031e-01 
 1.76931164e-06  9.10000000e-01  4.02136458e-01 
 1.77031164e-06  9.10000000e-01  4.02137881e-01 
 1.77131164e-06  9.10000000e-01  4.02139301e-01 
 1.77231164e-06  9.10000000e-01  4.02140718e-01 
 1.77331164e-06  9.10000000e-01  4.02142131e-01 
 1.77431164e-06  9.10000000e-01  4.02143540e-01 
 1.77531164e-06  9.10000000e-01  4.02144946e-01 
 1.77631164e-06  9.10000000e-01  4.02146348e-01 
 1.77731164e-06  9.10000000e-01  4.02147746e-01 
 1.77831164e-06  9.10000000e-01  4.02149140e-01 
 1.77931164e-06  9.10000000e-01  4.02150531e-01 
 1.78031164e-06  9.10000000e-01  4.02151919e-01 
 1.78131164e-06  9.10000000e-01  4.02153302e-01 
 1.78231164e-06  9.10000000e-01  4.02154681e-01 
 1.78331164e-06  9.10000000e-01  4.02156057e-01 
 1.78431164e-06  9.10000000e-01  4.02157429e-01 
 1.78531164e-06  9.10000000e-01  4.02158797e-01 
 1.78631164e-06  9.10000000e-01  4.02160161e-01 
 1.78731164e-06  9.10000000e-01  4.02161521e-01 
 1.78831164e-06  9.10000000e-01  4.02162877e-01 
 1.78931164e-06  9.10000000e-01  4.02164229e-01 
 1.79031164e-06  9.10000000e-01  4.02165577e-01 
 1.79131164e-06  9.10000000e-01  4.02166922e-01 
 1.79231164e-06  9.10000000e-01  4.02168262e-01 
 1.79331164e-06  9.10000000e-01  4.02169598e-01 
 1.79431164e-06  9.10000000e-01  4.02170929e-01 
 1.79531164e-06  9.10000000e-01  4.02172257e-01 
 1.79631164e-06  9.10000000e-01  4.02173581e-01 
 1.79731164e-06  9.10000000e-01  4.02174900e-01 
 1.79831164e-06  9.10000000e-01  4.02176215e-01 
 1.79931164e-06  9.10000000e-01  4.02177526e-01 
 1.80031164e-06  9.10000000e-01  4.02178833e-01 
 1.80131164e-06  9.10000000e-01  4.02180135e-01 
 1.80231164e-06  9.10000000e-01  4.02181433e-01 
 1.80331164e-06  9.10000000e-01  4.02182727e-01 
 1.80431164e-06  9.10000000e-01  4.02184016e-01 
 1.80531164e-06  9.10000000e-01  4.02185301e-01 
 1.80631164e-06  9.10000000e-01  4.02186582e-01 
 1.80731164e-06  9.10000000e-01  4.02187858e-01 
 1.80831164e-06  9.10000000e-01  4.02189130e-01 
 1.80931164e-06  9.10000000e-01  4.02190398e-01 
 1.81031164e-06  9.10000000e-01  4.02191661e-01 
 1.81131164e-06  9.10000000e-01  4.02192920e-01 
 1.81231164e-06  9.10000000e-01  4.02194174e-01 
 1.81331164e-06  9.10000000e-01  4.02195423e-01 
 1.81431164e-06  9.10000000e-01  4.02196668e-01 
 1.81531164e-06  9.10000000e-01  4.02197909e-01 
 1.81631164e-06  9.10000000e-01  4.02199145e-01 
 1.81731164e-06  9.10000000e-01  4.02200376e-01 
 1.81831164e-06  9.10000000e-01  4.02201603e-01 
 1.81931164e-06  9.10000000e-01  4.02202825e-01 
 1.82031164e-06  9.10000000e-01  4.02204043e-01 
 1.82131164e-06  9.10000000e-01  4.02205255e-01 
 1.82231164e-06  9.10000000e-01  4.02206464e-01 
 1.82331164e-06  9.10000000e-01  4.02207667e-01 
 1.82431164e-06  9.10000000e-01  4.02208866e-01 
 1.82531164e-06  9.10000000e-01  4.02210060e-01 
 1.82631164e-06  9.10000000e-01  4.02211250e-01 
 1.82731164e-06  9.10000000e-01  4.02212435e-01 
 1.82831164e-06  9.10000000e-01  4.02213615e-01 
 1.82931164e-06  9.10000000e-01  4.02214790e-01 
 1.83031164e-06  9.10000000e-01  4.02215960e-01 
 1.83131164e-06  9.10000000e-01  4.02217126e-01 
 1.83231164e-06  9.10000000e-01  4.02218287e-01 
 1.83331164e-06  9.10000000e-01  4.02219443e-01 
 1.83431164e-06  9.10000000e-01  4.02220594e-01 
 1.83531164e-06  9.10000000e-01  4.02221740e-01 
 1.83631164e-06  9.10000000e-01  4.02222882e-01 
 1.83731164e-06  9.10000000e-01  4.02224019e-01 
 1.83831164e-06  9.10000000e-01  4.02225151e-01 
 1.83931164e-06  9.10000000e-01  4.02226277e-01 
 1.84031164e-06  9.10000000e-01  4.02227399e-01 
 1.84131164e-06  9.10000000e-01  4.02228517e-01 
 1.84231164e-06  9.10000000e-01  4.02229629e-01 
 1.84331164e-06  9.10000000e-01  4.02230736e-01 
 1.84431164e-06  9.10000000e-01  4.02231838e-01 
 1.84531164e-06  9.10000000e-01  4.02232936e-01 
 1.84631164e-06  9.10000000e-01  4.02234028e-01 
 1.84731164e-06  9.10000000e-01  4.02235116e-01 
 1.84831164e-06  9.10000000e-01  4.02236198e-01 
 1.84931164e-06  9.10000000e-01  4.02237276e-01 
 1.85031164e-06  9.10000000e-01  4.02238348e-01 
 1.85131164e-06  9.10000000e-01  4.02239416e-01 
 1.85231164e-06  9.10000000e-01  4.02240478e-01 
 1.85331164e-06  9.10000000e-01  4.02241536e-01 
 1.85431164e-06  9.10000000e-01  4.02242588e-01 
 1.85531164e-06  9.10000000e-01  4.02243635e-01 
 1.85631164e-06  9.10000000e-01  4.02244678e-01 
 1.85731164e-06  9.10000000e-01  4.02245715e-01 
 1.85831164e-06  9.10000000e-01  4.02246747e-01 
 1.85931164e-06  9.10000000e-01  4.02247775e-01 
 1.86031164e-06  9.10000000e-01  4.02248797e-01 
 1.86131164e-06  9.10000000e-01  4.02249814e-01 
 1.86231164e-06  9.10000000e-01  4.02250826e-01 
 1.86331164e-06  9.10000000e-01  4.02251833e-01 
 1.86431164e-06  9.10000000e-01  4.02252834e-01 
 1.86531164e-06  9.10000000e-01  4.02253831e-01 
 1.86631164e-06  9.10000000e-01  4.02254823e-01 
 1.86731164e-06  9.10000000e-01  4.02255809e-01 
 1.86831164e-06  9.10000000e-01  4.02256790e-01 
 1.86931164e-06  9.10000000e-01  4.02257767e-01 
 1.87031164e-06  9.10000000e-01  4.02258738e-01 
 1.87131164e-06  9.10000000e-01  4.02259704e-01 
 1.87231164e-06  9.10000000e-01  4.02260665e-01 
 1.87331164e-06  9.10000000e-01  4.02261620e-01 
 1.87431164e-06  9.10000000e-01  4.02262571e-01 
 1.87531164e-06  9.10000000e-01  4.02263517e-01 
 1.87631164e-06  9.10000000e-01  4.02264457e-01 
 1.87731164e-06  9.10000000e-01  4.02265392e-01 
 1.87831164e-06  9.10000000e-01  4.02266322e-01 
 1.87931164e-06  9.10000000e-01  4.02267247e-01 
 1.88031164e-06  9.10000000e-01  4.02268167e-01 
 1.88131164e-06  9.10000000e-01  4.02269081e-01 
 1.88231164e-06  9.10000000e-01  4.02269991e-01 
 1.88331164e-06  9.10000000e-01  4.02270895e-01 
 1.88431164e-06  9.10000000e-01  4.02271794e-01 
 1.88531164e-06  9.10000000e-01  4.02272688e-01 
 1.88631164e-06  9.10000000e-01  4.02273577e-01 
 1.88731164e-06  9.10000000e-01  4.02274460e-01 
 1.88831164e-06  9.10000000e-01  4.02275339e-01 
 1.88931164e-06  9.10000000e-01  4.02276212e-01 
 1.89031164e-06  9.10000000e-01  4.02277080e-01 
 1.89131164e-06  9.10000000e-01  4.02277943e-01 
 1.89231164e-06  9.10000000e-01  4.02278801e-01 
 1.89331164e-06  9.10000000e-01  4.02279654e-01 
 1.89431164e-06  9.10000000e-01  4.02280501e-01 
 1.89531164e-06  9.10000000e-01  4.02281344e-01 
 1.89631164e-06  9.10000000e-01  4.02282181e-01 
 1.89731164e-06  9.10000000e-01  4.02283013e-01 
 1.89831164e-06  9.10000000e-01  4.02283840e-01 
 1.89931164e-06  9.10000000e-01  4.02284661e-01 
 1.90031164e-06  9.10000000e-01  4.02285478e-01 
 1.90131164e-06  9.10000000e-01  4.02286289e-01 
 1.90231164e-06  9.10000000e-01  4.02287095e-01 
 1.90331164e-06  9.10000000e-01  4.02287896e-01 
 1.90431164e-06  9.10000000e-01  4.02288692e-01 
 1.90531164e-06  9.10000000e-01  4.02289483e-01 
 1.90631164e-06  9.10000000e-01  4.02290269e-01 
 1.90731164e-06  9.10000000e-01  4.02291049e-01 
 1.90831164e-06  9.10000000e-01  4.02291825e-01 
 1.90931164e-06  9.10000000e-01  4.02292595e-01 
 1.91031164e-06  9.10000000e-01  4.02293360e-01 
 1.91131164e-06  9.10000000e-01  4.02294120e-01 
 1.91231164e-06  9.10000000e-01  4.02294875e-01 
 1.91331164e-06  9.10000000e-01  4.02295625e-01 
 1.91431164e-06  9.10000000e-01  4.02296369e-01 
 1.91531164e-06  9.10000000e-01  4.02297109e-01 
 1.91631164e-06  9.10000000e-01  4.02297843e-01 
 1.91731164e-06  9.10000000e-01  4.02298572e-01 
 1.91831164e-06  9.10000000e-01  4.02299297e-01 
 1.91931164e-06  9.10000000e-01  4.02300016e-01 
 1.92031164e-06  9.10000000e-01  4.02300730e-01 
 1.92131164e-06  9.10000000e-01  4.02301439e-01 
 1.92231164e-06  9.10000000e-01  4.02302143e-01 
 1.92331164e-06  9.10000000e-01  4.02302841e-01 
 1.92431164e-06  9.10000000e-01  4.02303535e-01 
 1.92531164e-06  9.10000000e-01  4.02304224e-01 
 1.92631164e-06  9.10000000e-01  4.02304907e-01 
 1.92731164e-06  9.10000000e-01  4.02305586e-01 
 1.92831164e-06  9.10000000e-01  4.02306259e-01 
 1.92931164e-06  9.10000000e-01  4.02306928e-01 
 1.93031164e-06  9.10000000e-01  4.02307591e-01 
 1.93131164e-06  9.10000000e-01  4.02308250e-01 
 1.93231164e-06  9.10000000e-01  4.02308903e-01 
 1.93331164e-06  9.10000000e-01  4.02309552e-01 
 1.93431164e-06  9.10000000e-01  4.02310195e-01 
 1.93531164e-06  9.10000000e-01  4.02310834e-01 
 1.93631164e-06  9.10000000e-01  4.02311467e-01 
 1.93731164e-06  9.10000000e-01  4.02312095e-01 
 1.93831164e-06  9.10000000e-01  4.02312719e-01 
 1.93931164e-06  9.10000000e-01  4.02313337e-01 
 1.94031164e-06  9.10000000e-01  4.02313951e-01 
 1.94131164e-06  9.10000000e-01  4.02314560e-01 
 1.94231164e-06  9.10000000e-01  4.02315163e-01 
 1.94331164e-06  9.10000000e-01  4.02315762e-01 
 1.94431164e-06  9.10000000e-01  4.02316356e-01 
 1.94531164e-06  9.10000000e-01  4.02316945e-01 
 1.94631164e-06  9.10000000e-01  4.02317529e-01 
 1.94731164e-06  9.10000000e-01  4.02318108e-01 
 1.94831164e-06  9.10000000e-01  4.02318682e-01 
 1.94931164e-06  9.10000000e-01  4.02319251e-01 
 1.95031164e-06  9.10000000e-01  4.02319816e-01 
 1.95131164e-06  9.10000000e-01  4.02320375e-01 
 1.95231164e-06  9.10000000e-01  4.02320930e-01 
 1.95331164e-06  9.10000000e-01  4.02321480e-01 
 1.95431164e-06  9.10000000e-01  4.02322025e-01 
 1.95531164e-06  9.10000000e-01  4.02322565e-01 
 1.95631164e-06  9.10000000e-01  4.02323101e-01 
 1.95731164e-06  9.10000000e-01  4.02323631e-01 
 1.95831164e-06  9.10000000e-01  4.02324157e-01 
 1.95931164e-06  9.10000000e-01  4.02324678e-01 
 1.96031164e-06  9.10000000e-01  4.02325194e-01 
 1.96131164e-06  9.10000000e-01  4.02325706e-01 
 1.96231164e-06  9.10000000e-01  4.02326212e-01 
 1.96331164e-06  9.10000000e-01  4.02326714e-01 
 1.96431164e-06  9.10000000e-01  4.02327212e-01 
 1.96531164e-06  9.10000000e-01  4.02327704e-01 
 1.96631164e-06  9.10000000e-01  4.02328192e-01 
 1.96731164e-06  9.10000000e-01  4.02328675e-01 
 1.96831164e-06  9.10000000e-01  4.02329154e-01 
 1.96931164e-06  9.10000000e-01  4.02329627e-01 
 1.97031164e-06  9.10000000e-01  4.02330096e-01 
 1.97131164e-06  9.10000000e-01  4.02330561e-01 
 1.97231164e-06  9.10000000e-01  4.02331021e-01 
 1.97331164e-06  9.10000000e-01  4.02331476e-01 
 1.97431164e-06  9.10000000e-01  4.02331926e-01 
 1.97531164e-06  9.10000000e-01  4.02332372e-01 
 1.97631164e-06  9.10000000e-01  4.02332814e-01 
 1.97731164e-06  9.10000000e-01  4.02333250e-01 
 1.97831164e-06  9.10000000e-01  4.02333683e-01 
 1.97931164e-06  9.10000000e-01  4.02334110e-01 
 1.98031164e-06  9.10000000e-01  4.02334533e-01 
 1.98131164e-06  9.10000000e-01  4.02334952e-01 
 1.98231164e-06  9.10000000e-01  4.02335366e-01 
 1.98331164e-06  9.10000000e-01  4.02335775e-01 
 1.98431164e-06  9.10000000e-01  4.02336180e-01 
 1.98531164e-06  9.10000000e-01  4.02336581e-01 
 1.98631164e-06  9.10000000e-01  4.02336977e-01 
 1.98731164e-06  9.10000000e-01  4.02337369e-01 
 1.98831164e-06  9.10000000e-01  4.02337756e-01 
 1.98931164e-06  9.10000000e-01  4.02338139e-01 
 1.99031164e-06  9.10000000e-01  4.02338517e-01 
 1.99131164e-06  9.10000000e-01  4.02338891e-01 
 1.99231164e-06  9.10000000e-01  4.02339260e-01 
 1.99331164e-06  9.10000000e-01  4.02339625e-01 
 1.99431164e-06  9.10000000e-01  4.02339986e-01 
 1.99531164e-06  9.10000000e-01  4.02340343e-01 
 1.99631164e-06  9.10000000e-01  4.02340695e-01 
 1.99731164e-06  9.10000000e-01  4.02341042e-01 
 1.99831164e-06  9.10000000e-01  4.02341386e-01 
 1.99931164e-06  9.10000000e-01  4.02341725e-01 
 2.00031164e-06  9.10000000e-01  4.02342060e-01 
 2.00131164e-06  9.10000000e-01  4.02342391e-01 
 2.00231164e-06  9.10000000e-01  4.02342717e-01 
 2.00331164e-06  9.10000000e-01  4.02343039e-01 
 2.00431164e-06  9.10000000e-01  4.02343357e-01 
 2.00531164e-06  9.10000000e-01  4.02343671e-01 
 2.00631164e-06  9.10000000e-01  4.02343980e-01 
 2.00731164e-06  9.10000000e-01  4.02344285e-01 
 2.00831164e-06  9.10000000e-01  4.02344586e-01 
 2.00931164e-06  9.10000000e-01  4.02344883e-01 
 2.01031164e-06  9.10000000e-01  4.02345176e-01 
 2.01131164e-06  9.10000000e-01  4.02345465e-01 
 2.01231164e-06  9.10000000e-01  4.02345749e-01 
 2.01331164e-06  9.10000000e-01  4.02346030e-01 
 2.01431164e-06  9.10000000e-01  4.02346306e-01 
 2.01531164e-06  9.10000000e-01  4.02346579e-01 
 2.01631164e-06  9.10000000e-01  4.02346847e-01 
 2.01731164e-06  9.10000000e-01  4.02347111e-01 
 2.01831164e-06  9.10000000e-01  4.02347371e-01 
 2.01931164e-06  9.10000000e-01  4.02347628e-01 
 2.02031164e-06  9.10000000e-01  4.02347880e-01 
 2.02131164e-06  9.10000000e-01  4.02348128e-01 
 2.02231164e-06  9.10000000e-01  4.02348372e-01 
 2.02331164e-06  9.10000000e-01  4.02348613e-01 
 2.02431164e-06  9.10000000e-01  4.02348849e-01 
 2.02531164e-06  9.10000000e-01  4.02349082e-01 
 2.02631164e-06  9.10000000e-01  4.02349310e-01 
 2.02731164e-06  9.10000000e-01  4.02349535e-01 
 2.02831164e-06  9.10000000e-01  4.02349756e-01 
 2.02931164e-06  9.10000000e-01  4.02349973e-01 
 2.03031164e-06  9.10000000e-01  4.02350186e-01 
 2.03131164e-06  9.10000000e-01  4.02350395e-01 
 2.03231164e-06  9.10000000e-01  4.02350601e-01 
 2.03331164e-06  9.10000000e-01  4.02350803e-01 
 2.03431164e-06  9.10000000e-01  4.02351001e-01 
 2.03531164e-06  9.10000000e-01  4.02351195e-01 
 2.03631164e-06  9.10000000e-01  4.02351385e-01 
 2.03731164e-06  9.10000000e-01  4.02351572e-01 
 2.03831164e-06  9.10000000e-01  4.02351755e-01 
 2.03931164e-06  9.10000000e-01  4.02351934e-01 
 2.04031164e-06  9.10000000e-01  4.02352110e-01 
 2.04131164e-06  9.10000000e-01  4.02352282e-01 
 2.04231164e-06  9.10000000e-01  4.02352450e-01 
 2.04331164e-06  9.10000000e-01  4.02352615e-01 
 2.04431164e-06  9.10000000e-01  4.02352776e-01 
 2.04531164e-06  9.10000000e-01  4.02352934e-01 
 2.04631164e-06  9.10000000e-01  4.02353088e-01 
 2.04731164e-06  9.10000000e-01  4.02353238e-01 
 2.04831164e-06  9.10000000e-01  4.02353385e-01 
 2.04931164e-06  9.10000000e-01  4.02353528e-01 
 2.05031164e-06  9.10000000e-01  4.02353668e-01 
 2.05131164e-06  9.10000000e-01  4.02353804e-01 
 2.05231164e-06  9.10000000e-01  4.02353937e-01 
 2.05331164e-06  9.10000000e-01  4.02354066e-01 
 2.05431164e-06  9.10000000e-01  4.02354192e-01 
 2.05531164e-06  9.10000000e-01  4.02354315e-01 
 2.05631164e-06  9.10000000e-01  4.02354434e-01 
 2.05731164e-06  9.10000000e-01  4.02354549e-01 
 2.05831164e-06  9.10000000e-01  4.02354661e-01 
 2.05931164e-06  9.10000000e-01  4.02354770e-01 
 2.06031164e-06  9.10000000e-01  4.02354876e-01 
 2.06131164e-06  9.10000000e-01  4.02354978e-01 
 2.06231164e-06  9.10000000e-01  4.02355077e-01 
 2.06331164e-06  9.10000000e-01  4.02355173e-01 
 2.06431164e-06  9.10000000e-01  4.02355265e-01 
 2.06531164e-06  9.10000000e-01  4.02355354e-01 
 2.06631164e-06  9.10000000e-01  4.02355440e-01 
 2.06731164e-06  9.10000000e-01  4.02355522e-01 
 2.06831164e-06  9.10000000e-01  4.02355601e-01 
 2.06931164e-06  9.10000000e-01  4.02355678e-01 
 2.07031164e-06  9.10000000e-01  4.02355751e-01 
 2.07131164e-06  9.10000000e-01  4.02355820e-01 
 2.07231164e-06  9.10000000e-01  4.02355887e-01 
 2.07331164e-06  9.10000000e-01  4.02355950e-01 
 2.07431164e-06  9.10000000e-01  4.02356011e-01 
 2.07531164e-06  9.10000000e-01  4.02356068e-01 
 2.07631164e-06  9.10000000e-01  4.02356122e-01 
 2.07731164e-06  9.10000000e-01  4.02356173e-01 
 2.07831164e-06  9.10000000e-01  4.02356221e-01 
 2.07931164e-06  9.10000000e-01  4.02356267e-01 
 2.08031164e-06  9.10000000e-01  4.02356309e-01 
 2.08131164e-06  9.10000000e-01  4.02356348e-01 
 2.08231164e-06  9.10000000e-01  4.02356384e-01 
 2.08331164e-06  9.10000000e-01  4.02356417e-01 
 2.08431164e-06  9.10000000e-01  4.02356447e-01 
 2.08531164e-06  9.10000000e-01  4.02356474e-01 
 2.08631164e-06  9.10000000e-01  4.02356498e-01 
 2.08731164e-06  9.10000000e-01  4.02356520e-01 
 2.08831164e-06  9.10000000e-01  4.02356538e-01 
 2.08931164e-06  9.10000000e-01  4.02356554e-01 
 2.09031164e-06  9.10000000e-01  4.02356567e-01 
 2.09131164e-06  9.10000000e-01  4.02356577e-01 
 2.09231164e-06  9.10000000e-01  4.02356584e-01 
 2.09331164e-06  9.10000000e-01  4.02356588e-01 
 2.09431164e-06  9.10000000e-01  4.02356590e-01 
 2.09531164e-06  9.10000000e-01  4.02356589e-01 
 2.09631164e-06  9.10000000e-01  4.02356585e-01 
 2.09731164e-06  9.10000000e-01  4.02356578e-01 
 2.09831164e-06  9.10000000e-01  4.02356569e-01 
 2.09931164e-06  9.10000000e-01  4.02356557e-01 
 2.10031164e-06  9.10000000e-01  4.02356542e-01 
 2.10131164e-06  9.10000000e-01  4.02356525e-01 
 2.10231164e-06  9.10000000e-01  4.02356505e-01 
 2.10331164e-06  9.10000000e-01  4.02356482e-01 
 2.10431164e-06  9.10000000e-01  4.02356457e-01 
 2.10531164e-06  9.10000000e-01  4.02356429e-01 
 2.10631164e-06  9.10000000e-01  4.02356399e-01 
 2.10731164e-06  9.10000000e-01  4.02356366e-01 
 2.10831164e-06  9.10000000e-01  4.02356330e-01 
 2.10931164e-06  9.10000000e-01  4.02356292e-01 
 2.11031164e-06  9.10000000e-01  4.02356252e-01 
 2.11131164e-06  9.10000000e-01  4.02356209e-01 
 2.11231164e-06  9.10000000e-01  4.02356163e-01 
 2.11331164e-06  9.10000000e-01  4.02356115e-01 
 2.11431164e-06  9.10000000e-01  4.02356065e-01 
 2.11531164e-06  9.10000000e-01  4.02356012e-01 
 2.11631164e-06  9.10000000e-01  4.02355957e-01 
 2.11731164e-06  9.10000000e-01  4.02355899e-01 
 2.11831164e-06  9.10000000e-01  4.02355839e-01 
 2.11931164e-06  9.10000000e-01  4.02355777e-01 
 2.12031164e-06  9.10000000e-01  4.02355712e-01 
 2.12131164e-06  9.10000000e-01  4.02355645e-01 
 2.12231164e-06  9.10000000e-01  4.02355576e-01 
 2.12331164e-06  9.10000000e-01  4.02355504e-01 
 2.12431164e-06  9.10000000e-01  4.02355430e-01 
 2.12531164e-06  9.10000000e-01  4.02355354e-01 
 2.12631164e-06  9.10000000e-01  4.02355276e-01 
 2.12731164e-06  9.10000000e-01  4.02355195e-01 
 2.12831164e-06  9.10000000e-01  4.02355113e-01 
 2.12931164e-06  9.10000000e-01  4.02355028e-01 
 2.13031164e-06  9.10000000e-01  4.02354940e-01 
 2.13131164e-06  9.10000000e-01  4.02354851e-01 
 2.13231164e-06  9.10000000e-01  4.02354760e-01 
 2.13331164e-06  9.10000000e-01  4.02354666e-01 
 2.13431164e-06  9.10000000e-01  4.02354570e-01 
 2.13531164e-06  9.10000000e-01  4.02354473e-01 
 2.13631164e-06  9.10000000e-01  4.02354373e-01 
 2.13731164e-06  9.10000000e-01  4.02354271e-01 
 2.13831164e-06  9.10000000e-01  4.02354167e-01 
 2.13931164e-06  9.10000000e-01  4.02354061e-01 
 2.14031164e-06  9.10000000e-01  4.02353953e-01 
 2.14131164e-06  9.10000000e-01  4.02353843e-01 
 2.14231164e-06  9.10000000e-01  4.02353731e-01 
 2.14331164e-06  9.10000000e-01  4.02353617e-01 
 2.14431164e-06  9.10000000e-01  4.02353501e-01 
 2.14531164e-06  9.10000000e-01  4.02353383e-01 
 2.14631164e-06  9.10000000e-01  4.02353263e-01 
 2.14731164e-06  9.10000000e-01  4.02353142e-01 
 2.14831164e-06  9.10000000e-01  4.02353018e-01 
 2.14931164e-06  9.10000000e-01  4.02352893e-01 
 2.15031164e-06  9.10000000e-01  4.02352766e-01 
 2.15131164e-06  9.10000000e-01  4.02352637e-01 
 2.15231164e-06  9.10000000e-01  4.02352506e-01 
 2.15331164e-06  9.10000000e-01  4.02352373e-01 
 2.15431164e-06  9.10000000e-01  4.02352239e-01 
 2.15531164e-06  9.10000000e-01  4.02352102e-01 
 2.15631164e-06  9.10000000e-01  4.02351964e-01 
 2.15731164e-06  9.10000000e-01  4.02351825e-01 
 2.15831164e-06  9.10000000e-01  4.02351683e-01 
 2.15931164e-06  9.10000000e-01  4.02351540e-01 
 2.16031164e-06  9.10000000e-01  4.02351395e-01 
 2.16131164e-06  9.10000000e-01  4.02351249e-01 
 2.16231164e-06  9.10000000e-01  4.02351101e-01 
 2.16331164e-06  9.10000000e-01  4.02350951e-01 
 2.16431164e-06  9.10000000e-01  4.02350799e-01 
 2.16531164e-06  9.10000000e-01  4.02350646e-01 
 2.16631164e-06  9.10000000e-01  4.02350492e-01 
 2.16731164e-06  9.10000000e-01  4.02350335e-01 
 2.16831164e-06  9.10000000e-01  4.02350178e-01 
 2.16931164e-06  9.10000000e-01  4.02350018e-01 
 2.17031164e-06  9.10000000e-01  4.02349857e-01 
 2.17131164e-06  9.10000000e-01  4.02349695e-01 
 2.17231164e-06  9.10000000e-01  4.02349531e-01 
 2.17331164e-06  9.10000000e-01  4.02349365e-01 
 2.17431164e-06  9.10000000e-01  4.02349199e-01 
 2.17531164e-06  9.10000000e-01  4.02349030e-01 
 2.17631164e-06  9.10000000e-01  4.02348860e-01 
 2.17731164e-06  9.10000000e-01  4.02348689e-01 
 2.17831164e-06  9.10000000e-01  4.02348517e-01 
 2.17931164e-06  9.10000000e-01  4.02348343e-01 
 2.18031164e-06  9.10000000e-01  4.02348167e-01 
 2.18131164e-06  9.10000000e-01  4.02347990e-01 
 2.18231164e-06  9.10000000e-01  4.02347812e-01 
 2.18331164e-06  9.10000000e-01  4.02347633e-01 
 2.18431164e-06  9.10000000e-01  4.02347452e-01 
 2.18531164e-06  9.10000000e-01  4.02347270e-01 
 2.18631164e-06  9.10000000e-01  4.02347086e-01 
 2.18731164e-06  9.10000000e-01  4.02346902e-01 
 2.18831164e-06  9.10000000e-01  4.02346716e-01 
 2.18931164e-06  9.10000000e-01  4.02346528e-01 
 2.19031164e-06  9.10000000e-01  4.02346340e-01 
 2.19131164e-06  9.10000000e-01  4.02346150e-01 
 2.19231164e-06  9.10000000e-01  4.02345959e-01 
 2.19331164e-06  9.10000000e-01  4.02345767e-01 
 2.19431164e-06  9.10000000e-01  4.02345574e-01 
 2.19531164e-06  9.10000000e-01  4.02345379e-01 
 2.19631164e-06  9.10000000e-01  4.02345184e-01 
 2.19731164e-06  9.10000000e-01  4.02344987e-01 
 2.19831164e-06  9.10000000e-01  4.02344789e-01 
 2.19931164e-06  9.10000000e-01  4.02344590e-01 
 2.20031164e-06  9.10000000e-01  4.02344390e-01 
 2.20131164e-06  9.10000000e-01  4.02344189e-01 
 2.20231164e-06  9.10000000e-01  4.02343987e-01 
 2.20331164e-06  9.10000000e-01  4.02343783e-01 
 2.20431164e-06  9.10000000e-01  4.02343579e-01 
 2.20531164e-06  9.10000000e-01  4.02343374e-01 
 2.20631164e-06  9.10000000e-01  4.02343167e-01 
 2.20731164e-06  9.10000000e-01  4.02342960e-01 
 2.20831164e-06  9.10000000e-01  4.02342752e-01 
 2.20931164e-06  9.10000000e-01  4.02342542e-01 
 2.21031164e-06  9.10000000e-01  4.02342332e-01 
 2.21131164e-06  9.10000000e-01  4.02342121e-01 
 2.21231164e-06  9.10000000e-01  4.02341909e-01 
 2.21331164e-06  9.10000000e-01  4.02341696e-01 
 2.21431164e-06  9.10000000e-01  4.02341482e-01 
 2.21531164e-06  9.10000000e-01  4.02341267e-01 
 2.21631164e-06  9.10000000e-01  4.02341051e-01 
 2.21731164e-06  9.10000000e-01  4.02340834e-01 
 2.21831164e-06  9.10000000e-01  4.02340617e-01 
 2.21931164e-06  9.10000000e-01  4.02340399e-01 
 2.22031164e-06  9.10000000e-01  4.02340179e-01 
 2.22131164e-06  9.10000000e-01  4.02339960e-01 
 2.22231164e-06  9.10000000e-01  4.02339739e-01 
 2.22331164e-06  9.10000000e-01  4.02339517e-01 
 2.22431164e-06  9.10000000e-01  4.02339295e-01 
 2.22531164e-06  9.10000000e-01  4.02339072e-01 
 2.22631164e-06  9.10000000e-01  4.02338848e-01 
 2.22731164e-06  9.10000000e-01  4.02338624e-01 
 2.22831164e-06  9.10000000e-01  4.02338398e-01 
 2.22931164e-06  9.10000000e-01  4.02338172e-01 
 2.23031164e-06  9.10000000e-01  4.02337946e-01 
 2.23131164e-06  9.10000000e-01  4.02337718e-01 
 2.23231164e-06  9.10000000e-01  4.02337490e-01 
 2.23331164e-06  9.10000000e-01  4.02337262e-01 
 2.23431164e-06  9.10000000e-01  4.02337032e-01 
 2.23531164e-06  9.10000000e-01  4.02336802e-01 
 2.23631164e-06  9.10000000e-01  4.02336572e-01 
 2.23731164e-06  9.10000000e-01  4.02336340e-01 
 2.23831164e-06  9.10000000e-01  4.02336109e-01 
 2.23931164e-06  9.10000000e-01  4.02335876e-01 
 2.24031164e-06  9.10000000e-01  4.02335643e-01 
 2.24131164e-06  9.10000000e-01  4.02335410e-01 
 2.24231164e-06  9.10000000e-01  4.02335176e-01 
 2.24331164e-06  9.10000000e-01  4.02334941e-01 
 2.24431164e-06  9.10000000e-01  4.02334706e-01 
 2.24531164e-06  9.10000000e-01  4.02334470e-01 
 2.24631164e-06  9.10000000e-01  4.02334234e-01 
 2.24731164e-06  9.10000000e-01  4.02333997e-01 
 2.24831164e-06  9.10000000e-01  4.02333760e-01 
 2.24931164e-06  9.10000000e-01  4.02333523e-01 
 2.25031164e-06  9.10000000e-01  4.02333285e-01 
 2.25131164e-06  9.10000000e-01  4.02333046e-01 
 2.25231164e-06  9.10000000e-01  4.02332807e-01 
 2.25331164e-06  9.10000000e-01  4.02332568e-01 
 2.25431164e-06  9.10000000e-01  4.02332328e-01 
 2.25531164e-06  9.10000000e-01  4.02332088e-01 
 2.25631164e-06  9.10000000e-01  4.02331847e-01 
 2.25731164e-06  9.10000000e-01  4.02331606e-01 
 2.25831164e-06  9.10000000e-01  4.02331365e-01 
 2.25931164e-06  9.10000000e-01  4.02331123e-01 
 2.26031164e-06  9.10000000e-01  4.02330881e-01 
 2.26131164e-06  9.10000000e-01  4.02330639e-01 
 2.26231164e-06  9.10000000e-01  4.02330396e-01 
 2.26331164e-06  9.10000000e-01  4.02330154e-01 
 2.26431164e-06  9.10000000e-01  4.02329910e-01 
 2.26531164e-06  9.10000000e-01  4.02329667e-01 
 2.26631164e-06  9.10000000e-01  4.02329423e-01 
 2.26731164e-06  9.10000000e-01  4.02329179e-01 
 2.26831164e-06  9.10000000e-01  4.02328934e-01 
 2.26931164e-06  9.10000000e-01  4.02328690e-01 
 2.27031164e-06  9.10000000e-01  4.02328445e-01 
 2.27131164e-06  9.10000000e-01  4.02328200e-01 
 2.27231164e-06  9.10000000e-01  4.02327954e-01 
 2.27331164e-06  9.10000000e-01  4.02327709e-01 
 2.27431164e-06  9.10000000e-01  4.02327463e-01 
 2.27531164e-06  9.10000000e-01  4.02327217e-01 
 2.27631164e-06  9.10000000e-01  4.02326971e-01 
 2.27731164e-06  9.10000000e-01  4.02326725e-01 
 2.27831164e-06  9.10000000e-01  4.02326479e-01 
 2.27931164e-06  9.10000000e-01  4.02326232e-01 
 2.28031164e-06  9.10000000e-01  4.02325986e-01 
 2.28131164e-06  9.10000000e-01  4.02325739e-01 
 2.28231164e-06  9.10000000e-01  4.02325492e-01 
 2.28331164e-06  9.10000000e-01  4.02325245e-01 
 2.28431164e-06  9.10000000e-01  4.02324998e-01 
 2.28531164e-06  9.10000000e-01  4.02324750e-01 
 2.28631164e-06  9.10000000e-01  4.02324503e-01 
 2.28731164e-06  9.10000000e-01  4.02324256e-01 
 2.28831164e-06  9.10000000e-01  4.02324008e-01 
 2.28931164e-06  9.10000000e-01  4.02323761e-01 
 2.29031164e-06  9.10000000e-01  4.02323513e-01 
 2.29131164e-06  9.10000000e-01  4.02323266e-01 
 2.29231164e-06  9.10000000e-01  4.02323018e-01 
 2.29331164e-06  9.10000000e-01  4.02322771e-01 
 2.29431164e-06  9.10000000e-01  4.02322523e-01 
 2.29531164e-06  9.10000000e-01  4.02322276e-01 
 2.29631164e-06  9.10000000e-01  4.02322028e-01 
 2.29731164e-06  9.10000000e-01  4.02321781e-01 
 2.29831164e-06  9.10000000e-01  4.02321533e-01 
 2.29931164e-06  9.10000000e-01  4.02321286e-01 
 2.30031164e-06  9.10000000e-01  4.02321038e-01 
 2.30131164e-06  9.10000000e-01  4.02320791e-01 
 2.30231164e-06  9.10000000e-01  4.02320544e-01 
 2.30331164e-06  9.10000000e-01  4.02320296e-01 
 2.30431164e-06  9.10000000e-01  4.02320049e-01 
 2.30531164e-06  9.10000000e-01  4.02319802e-01 
 2.30631164e-06  9.10000000e-01  4.02319555e-01 
 2.30731164e-06  9.10000000e-01  4.02319308e-01 
 2.30831164e-06  9.10000000e-01  4.02319062e-01 
 2.30931164e-06  9.10000000e-01  4.02318815e-01 
 2.31031164e-06  9.10000000e-01  4.02318569e-01 
 2.31131164e-06  9.10000000e-01  4.02318322e-01 
 2.31231164e-06  9.10000000e-01  4.02318076e-01 
 2.31331164e-06  9.10000000e-01  4.02317830e-01 
 2.31431164e-06  9.10000000e-01  4.02317584e-01 
 2.31531164e-06  9.10000000e-01  4.02317339e-01 
 2.31631164e-06  9.10000000e-01  4.02317093e-01 
 2.31731164e-06  9.10000000e-01  4.02316848e-01 
 2.31831164e-06  9.10000000e-01  4.02316603e-01 
 2.31931164e-06  9.10000000e-01  4.02316358e-01 
 2.32031164e-06  9.10000000e-01  4.02316113e-01 
 2.32131164e-06  9.10000000e-01  4.02315869e-01 
 2.32231164e-06  9.10000000e-01  4.02315625e-01 
 2.32331164e-06  9.10000000e-01  4.02315381e-01 
 2.32431164e-06  9.10000000e-01  4.02315137e-01 
 2.32531164e-06  9.10000000e-01  4.02314894e-01 
 2.32631164e-06  9.10000000e-01  4.02314650e-01 
 2.32731164e-06  9.10000000e-01  4.02314407e-01 
 2.32831164e-06  9.10000000e-01  4.02314165e-01 
 2.32931164e-06  9.10000000e-01  4.02313922e-01 
 2.33031164e-06  9.10000000e-01  4.02313680e-01 
 2.33131164e-06  9.10000000e-01  4.02313438e-01 
 2.33231164e-06  9.10000000e-01  4.02313197e-01 
 2.33331164e-06  9.10000000e-01  4.02312956e-01 
 2.33431164e-06  9.10000000e-01  4.02312715e-01 
 2.33531164e-06  9.10000000e-01  4.02312474e-01 
 2.33631164e-06  9.10000000e-01  4.02312234e-01 
 2.33731164e-06  9.10000000e-01  4.02311994e-01 
 2.33831164e-06  9.10000000e-01  4.02311754e-01 
 2.33931164e-06  9.10000000e-01  4.02311515e-01 
 2.34031164e-06  9.10000000e-01  4.02311276e-01 
 2.34131164e-06  9.10000000e-01  4.02311038e-01 
 2.34231164e-06  9.10000000e-01  4.02310800e-01 
 2.34331164e-06  9.10000000e-01  4.02310562e-01 
 2.34431164e-06  9.10000000e-01  4.02310324e-01 
 2.34531164e-06  9.10000000e-01  4.02310087e-01 
 2.34631164e-06  9.10000000e-01  4.02309851e-01 
 2.34731164e-06  9.10000000e-01  4.02309615e-01 
 2.34831164e-06  9.10000000e-01  4.02309379e-01 
 2.34931164e-06  9.10000000e-01  4.02309143e-01 
 2.35031164e-06  9.10000000e-01  4.02308908e-01 
 2.35131164e-06  9.10000000e-01  4.02308674e-01 
 2.35231164e-06  9.10000000e-01  4.02308440e-01 
 2.35331164e-06  9.10000000e-01  4.02308206e-01 
 2.35431164e-06  9.10000000e-01  4.02307973e-01 
 2.35531164e-06  9.10000000e-01  4.02307740e-01 
 2.35631164e-06  9.10000000e-01  4.02307508e-01 
 2.35731164e-06  9.10000000e-01  4.02307276e-01 
 2.35831164e-06  9.10000000e-01  4.02307045e-01 
 2.35931164e-06  9.10000000e-01  4.02306814e-01 
 2.36031164e-06  9.10000000e-01  4.02306583e-01 
 2.36131164e-06  9.10000000e-01  4.02306353e-01 
 2.36231164e-06  9.10000000e-01  4.02306124e-01 
 2.36331164e-06  9.10000000e-01  4.02305895e-01 
 2.36431164e-06  9.10000000e-01  4.02305666e-01 
 2.36531164e-06  9.10000000e-01  4.02305438e-01 
 2.36631164e-06  9.10000000e-01  4.02305211e-01 
 2.36731164e-06  9.10000000e-01  4.02304984e-01 
 2.36831164e-06  9.10000000e-01  4.02304757e-01 
 2.36931164e-06  9.10000000e-01  4.02304531e-01 
 2.37031164e-06  9.10000000e-01  4.02304306e-01 
 2.37131164e-06  9.10000000e-01  4.02304081e-01 
 2.37231164e-06  9.10000000e-01  4.02303857e-01 
 2.37331164e-06  9.10000000e-01  4.02303633e-01 
 2.37431164e-06  9.10000000e-01  4.02303410e-01 
 2.37531164e-06  9.10000000e-01  4.02303187e-01 
 2.37631164e-06  9.10000000e-01  4.02302965e-01 
 2.37731164e-06  9.10000000e-01  4.02302743e-01 
 2.37831164e-06  9.10000000e-01  4.02302522e-01 
 2.37931164e-06  9.10000000e-01  4.02302302e-01 
 2.38031164e-06  9.10000000e-01  4.02302082e-01 
 2.38131164e-06  9.10000000e-01  4.02301863e-01 
 2.38231164e-06  9.10000000e-01  4.02301644e-01 
 2.38331164e-06  9.10000000e-01  4.02301426e-01 
 2.38431164e-06  9.10000000e-01  4.02301208e-01 
 2.38531164e-06  9.10000000e-01  4.02300991e-01 
 2.38631164e-06  9.10000000e-01  4.02300775e-01 
 2.38731164e-06  9.10000000e-01  4.02300559e-01 
 2.38831164e-06  9.10000000e-01  4.02300344e-01 
 2.38931164e-06  9.10000000e-01  4.02300130e-01 
 2.39031164e-06  9.10000000e-01  4.02299916e-01 
 2.39131164e-06  9.10000000e-01  4.02299703e-01 
 2.39231164e-06  9.10000000e-01  4.02299490e-01 
 2.39331164e-06  9.10000000e-01  4.02299278e-01 
 2.39431164e-06  9.10000000e-01  4.02299067e-01 
 2.39531164e-06  9.10000000e-01  4.02298856e-01 
 2.39631164e-06  9.10000000e-01  4.02298646e-01 
 2.39731164e-06  9.10000000e-01  4.02298436e-01 
 2.39831164e-06  9.10000000e-01  4.02298228e-01 
 2.39931164e-06  9.10000000e-01  4.02298020e-01 
 2.40031164e-06  9.10000000e-01  4.02297812e-01 
 2.40131164e-06  9.10000000e-01  4.02297605e-01 
 2.40231164e-06  9.10000000e-01  4.02297399e-01 
 2.40331164e-06  9.10000000e-01  4.02297194e-01 
 2.40431164e-06  9.10000000e-01  4.02296989e-01 
 2.40531164e-06  9.10000000e-01  4.02296785e-01 
 2.40631164e-06  9.10000000e-01  4.02296581e-01 
 2.40731164e-06  9.10000000e-01  4.02296378e-01 
 2.40831164e-06  9.10000000e-01  4.02296176e-01 
 2.40931164e-06  9.10000000e-01  4.02295975e-01 
 2.41031164e-06  9.10000000e-01  4.02295774e-01 
 2.41131164e-06  9.10000000e-01  4.02295574e-01 
 2.41231164e-06  9.10000000e-01  4.02295375e-01 
 2.41331164e-06  9.10000000e-01  4.02295176e-01 
 2.41431164e-06  9.10000000e-01  4.02294978e-01 
 2.41531164e-06  9.10000000e-01  4.02294781e-01 
 2.41631164e-06  9.10000000e-01  4.02294585e-01 
 2.41731164e-06  9.10000000e-01  4.02294389e-01 
 2.41831164e-06  9.10000000e-01  4.02294194e-01 
 2.41931164e-06  9.10000000e-01  4.02293999e-01 
 2.42031164e-06  9.10000000e-01  4.02293806e-01 
 2.42131164e-06  9.10000000e-01  4.02293613e-01 
 2.42231164e-06  9.10000000e-01  4.02293421e-01 
 2.42331164e-06  9.10000000e-01  4.02293229e-01 
 2.42431164e-06  9.10000000e-01  4.02293038e-01 
 2.42531164e-06  9.10000000e-01  4.02292848e-01 
 2.42631164e-06  9.10000000e-01  4.02292659e-01 
 2.42731164e-06  9.10000000e-01  4.02292471e-01 
 2.42831164e-06  9.10000000e-01  4.02292283e-01 
 2.42931164e-06  9.10000000e-01  4.02292096e-01 
 2.43031164e-06  9.10000000e-01  4.02291909e-01 
 2.43131164e-06  9.10000000e-01  4.02291724e-01 
 2.43231164e-06  9.10000000e-01  4.02291539e-01 
 2.43331164e-06  9.10000000e-01  4.02291355e-01 
 2.43431164e-06  9.10000000e-01  4.02291172e-01 
 2.43531164e-06  9.10000000e-01  4.02290989e-01 
 2.43631164e-06  9.10000000e-01  4.02290807e-01 
 2.43731164e-06  9.10000000e-01  4.02290626e-01 
 2.43831164e-06  9.10000000e-01  4.02290446e-01 
 2.43931164e-06  9.10000000e-01  4.02290266e-01 
 2.44031164e-06  9.10000000e-01  4.02290088e-01 
 2.44131164e-06  9.10000000e-01  4.02289910e-01 
 2.44231164e-06  9.10000000e-01  4.02289732e-01 
 2.44331164e-06  9.10000000e-01  4.02289556e-01 
 2.44431164e-06  9.10000000e-01  4.02289380e-01 
 2.44531164e-06  9.10000000e-01  4.02289205e-01 
 2.44631164e-06  9.10000000e-01  4.02289031e-01 
 2.44731164e-06  9.10000000e-01  4.02288858e-01 
 2.44831164e-06  9.10000000e-01  4.02288685e-01 
 2.44931164e-06  9.10000000e-01  4.02288513e-01 
 2.45031164e-06  9.10000000e-01  4.02288342e-01 
 2.45131164e-06  9.10000000e-01  4.02288172e-01 
 2.45231164e-06  9.10000000e-01  4.02288003e-01 
 2.45331164e-06  9.10000000e-01  4.02287834e-01 
 2.45431164e-06  9.10000000e-01  4.02287666e-01 
 2.45531164e-06  9.10000000e-01  4.02287499e-01 
 2.45631164e-06  9.10000000e-01  4.02287333e-01 
 2.45731164e-06  9.10000000e-01  4.02287167e-01 
 2.45831164e-06  9.10000000e-01  4.02287002e-01 
 2.45931164e-06  9.10000000e-01  4.02286838e-01 
 2.46031164e-06  9.10000000e-01  4.02286675e-01 
 2.46131164e-06  9.10000000e-01  4.02286513e-01 
 2.46231164e-06  9.10000000e-01  4.02286351e-01 
 2.46331164e-06  9.10000000e-01  4.02286191e-01 
 2.46431164e-06  9.10000000e-01  4.02286031e-01 
 2.46531164e-06  9.10000000e-01  4.02285872e-01 
 2.46631164e-06  9.10000000e-01  4.02285713e-01 
 2.46731164e-06  9.10000000e-01  4.02285556e-01 
 2.46831164e-06  9.10000000e-01  4.02285399e-01 
 2.46931164e-06  9.10000000e-01  4.02285243e-01 
 2.47031164e-06  9.10000000e-01  4.02285088e-01 
 2.47131164e-06  9.10000000e-01  4.02284933e-01 
 2.47231164e-06  9.10000000e-01  4.02284780e-01 
 2.47331164e-06  9.10000000e-01  4.02284627e-01 
 2.47431164e-06  9.10000000e-01  4.02284475e-01 
 2.47531164e-06  9.10000000e-01  4.02284324e-01 
 2.47631164e-06  9.10000000e-01  4.02284174e-01 
 2.47731164e-06  9.10000000e-01  4.02284024e-01 
 2.47831164e-06  9.10000000e-01  4.02283876e-01 
 2.47931164e-06  9.10000000e-01  4.02283728e-01 
 2.48031164e-06  9.10000000e-01  4.02283581e-01 
 2.48131164e-06  9.10000000e-01  4.02283434e-01 
 2.48231164e-06  9.10000000e-01  4.02283289e-01 
 2.48331164e-06  9.10000000e-01  4.02283144e-01 
 2.48431164e-06  9.10000000e-01  4.02283000e-01 
 2.48531164e-06  9.10000000e-01  4.02282857e-01 
 2.48631164e-06  9.10000000e-01  4.02282715e-01 
 2.48731164e-06  9.10000000e-01  4.02282574e-01 
 2.48831164e-06  9.10000000e-01  4.02282433e-01 
 2.48931164e-06  9.10000000e-01  4.02282293e-01 
 2.49031164e-06  9.10000000e-01  4.02282154e-01 
 2.49131164e-06  9.10000000e-01  4.02282016e-01 
 2.49231164e-06  9.10000000e-01  4.02281879e-01 
 2.49331164e-06  9.10000000e-01  4.02281742e-01 
 2.49431164e-06  9.10000000e-01  4.02281606e-01 
 2.49531164e-06  9.10000000e-01  4.02281471e-01 
 2.49631164e-06  9.10000000e-01  4.02281337e-01 
 2.49731164e-06  9.10000000e-01  4.02281204e-01 
 2.49831164e-06  9.10000000e-01  4.02281072e-01 
 2.49931164e-06  9.10000000e-01  4.02280940e-01 
 2.50031164e-06  9.10000000e-01  4.02280809e-01 
 2.50131164e-06  9.10000000e-01  4.02280679e-01 
 2.50231164e-06  9.10000000e-01  4.02280550e-01 
 2.50331164e-06  9.10000000e-01  4.02280421e-01 
 2.50431164e-06  9.10000000e-01  4.02280294e-01 
 2.50531164e-06  9.10000000e-01  4.02280167e-01 
 2.50631164e-06  9.10000000e-01  4.02280041e-01 
 2.50731164e-06  9.10000000e-01  4.02279916e-01 
 2.50831164e-06  9.10000000e-01  4.02279791e-01 
 2.50931164e-06  9.10000000e-01  4.02279668e-01 
 2.51031164e-06  9.10000000e-01  4.02279545e-01 
 2.51131164e-06  9.10000000e-01  4.02279423e-01 
 2.51231164e-06  9.10000000e-01  4.02279302e-01 
 2.51331164e-06  9.10000000e-01  4.02279181e-01 
 2.51431164e-06  9.10000000e-01  4.02279062e-01 
 2.51531164e-06  9.10000000e-01  4.02278943e-01 
 2.51631164e-06  9.10000000e-01  4.02278825e-01 
 2.51731164e-06  9.10000000e-01  4.02278708e-01 
 2.51831164e-06  9.10000000e-01  4.02278592e-01 
 2.51931164e-06  9.10000000e-01  4.02278476e-01 
 2.52031164e-06  9.10000000e-01  4.02278362e-01 
 2.52131164e-06  9.10000000e-01  4.02278248e-01 
 2.52231164e-06  9.10000000e-01  4.02278135e-01 
 2.52331164e-06  9.10000000e-01  4.02278022e-01 
 2.52431164e-06  9.10000000e-01  4.02277911e-01 
 2.52531164e-06  9.10000000e-01  4.02277800e-01 
 2.52631164e-06  9.10000000e-01  4.02277690e-01 
 2.52731164e-06  9.10000000e-01  4.02277581e-01 
 2.52831164e-06  9.10000000e-01  4.02277473e-01 
 2.52931164e-06  9.10000000e-01  4.02277365e-01 
 2.53031164e-06  9.10000000e-01  4.02277258e-01 
 2.53131164e-06  9.10000000e-01  4.02277152e-01 
 2.53231164e-06  9.10000000e-01  4.02277047e-01 
 2.53331164e-06  9.10000000e-01  4.02276943e-01 
 2.53431164e-06  9.10000000e-01  4.02276839e-01 
 2.53531164e-06  9.10000000e-01  4.02276737e-01 
 2.53631164e-06  9.10000000e-01  4.02276635e-01 
 2.53731164e-06  9.10000000e-01  4.02276533e-01 
 2.53831164e-06  9.10000000e-01  4.02276433e-01 
 2.53931164e-06  9.10000000e-01  4.02276333e-01 
 2.54031164e-06  9.10000000e-01  4.02276234e-01 
 2.54131164e-06  9.10000000e-01  4.02276136e-01 
 2.54231164e-06  9.10000000e-01  4.02276039e-01 
 2.54331164e-06  9.10000000e-01  4.02275943e-01 
 2.54431164e-06  9.10000000e-01  4.02275847e-01 
 2.54531164e-06  9.10000000e-01  4.02275752e-01 
 2.54631164e-06  9.10000000e-01  4.02275658e-01 
 2.54731164e-06  9.10000000e-01  4.02275564e-01 
 2.54831164e-06  9.10000000e-01  4.02275472e-01 
 2.54931164e-06  9.10000000e-01  4.02275380e-01 
 2.55031164e-06  9.10000000e-01  4.02275289e-01 
 2.55131164e-06  9.10000000e-01  4.02275198e-01 
 2.55231164e-06  9.10000000e-01  4.02275109e-01 
 2.55331164e-06  9.10000000e-01  4.02275020e-01 
 2.55431164e-06  9.10000000e-01  4.02274932e-01 
 2.55531164e-06  9.10000000e-01  4.02274845e-01 
 2.55631164e-06  9.10000000e-01  4.02274758e-01 
 2.55731164e-06  9.10000000e-01  4.02274672e-01 
 2.55831164e-06  9.10000000e-01  4.02274587e-01 
 2.55931164e-06  9.10000000e-01  4.02274503e-01 
 2.56031164e-06  9.10000000e-01  4.02274420e-01 
 2.56131164e-06  9.10000000e-01  4.02274337e-01 
 2.56231164e-06  9.10000000e-01  4.02274255e-01 
 2.56331164e-06  9.10000000e-01  4.02274174e-01 
 2.56431164e-06  9.10000000e-01  4.02274093e-01 
 2.56531164e-06  9.10000000e-01  4.02274014e-01 
 2.56631164e-06  9.10000000e-01  4.02273935e-01 
 2.56731164e-06  9.10000000e-01  4.02273856e-01 
 2.56831164e-06  9.10000000e-01  4.02273779e-01 
 2.56931164e-06  9.10000000e-01  4.02273702e-01 
 2.57031164e-06  9.10000000e-01  4.02273626e-01 
 2.57131164e-06  9.10000000e-01  4.02273551e-01 
 2.57231164e-06  9.10000000e-01  4.02273476e-01 
 2.57331164e-06  9.10000000e-01  4.02273403e-01 
 2.57431164e-06  9.10000000e-01  4.02273329e-01 
 2.57531164e-06  9.10000000e-01  4.02273257e-01 
 2.57631164e-06  9.10000000e-01  4.02273186e-01 
 2.57731164e-06  9.10000000e-01  4.02273115e-01 
 2.57831164e-06  9.10000000e-01  4.02273044e-01 
 2.57931164e-06  9.10000000e-01  4.02272975e-01 
 2.58031164e-06  9.10000000e-01  4.02272906e-01 
 2.58131164e-06  9.10000000e-01  4.02272838e-01 
 2.58231164e-06  9.10000000e-01  4.02272771e-01 
 2.58331164e-06  9.10000000e-01  4.02272704e-01 
 2.58431164e-06  9.10000000e-01  4.02272639e-01 
 2.58531164e-06  9.10000000e-01  4.02272573e-01 
 2.58631164e-06  9.10000000e-01  4.02272509e-01 
 2.58731164e-06  9.10000000e-01  4.02272445e-01 
 2.58831164e-06  9.10000000e-01  4.02272382e-01 
 2.58931164e-06  9.10000000e-01  4.02272320e-01 
 2.59031164e-06  9.10000000e-01  4.02272258e-01 
 2.59131164e-06  9.10000000e-01  4.02272197e-01 
 2.59231164e-06  9.10000000e-01  4.02272137e-01 
 2.59331164e-06  9.10000000e-01  4.02272078e-01 
 2.59431164e-06  9.10000000e-01  4.02272019e-01 
 2.59531164e-06  9.10000000e-01  4.02271961e-01 
 2.59631164e-06  9.10000000e-01  4.02271903e-01 
 2.59731164e-06  9.10000000e-01  4.02271846e-01 
 2.59831164e-06  9.10000000e-01  4.02271790e-01 
 2.59931164e-06  9.10000000e-01  4.02271735e-01 
 2.60031164e-06  9.10000000e-01  4.02271680e-01 
 2.60131164e-06  9.10000000e-01  4.02271626e-01 
 2.60231164e-06  9.10000000e-01  4.02271573e-01 
 2.60331164e-06  9.10000000e-01  4.02271520e-01 
 2.60431164e-06  9.10000000e-01  4.02271468e-01 
 2.60531164e-06  9.10000000e-01  4.02271417e-01 
 2.60631164e-06  9.10000000e-01  4.02271366e-01 
 2.60731164e-06  9.10000000e-01  4.02271316e-01 
 2.60831164e-06  9.10000000e-01  4.02271267e-01 
 2.60931164e-06  9.10000000e-01  4.02271218e-01 
 2.61031164e-06  9.10000000e-01  4.02271170e-01 
 2.61131164e-06  9.10000000e-01  4.02271123e-01 
 2.61231164e-06  9.10000000e-01  4.02271076e-01 
 2.61331164e-06  9.10000000e-01  4.02271030e-01 
 2.61431164e-06  9.10000000e-01  4.02270984e-01 
 2.61531164e-06  9.10000000e-01  4.02270939e-01 
 2.61631164e-06  9.10000000e-01  4.02270895e-01 
 2.61731164e-06  9.10000000e-01  4.02270852e-01 
 2.61831164e-06  9.10000000e-01  4.02270809e-01 
 2.61931164e-06  9.10000000e-01  4.02270767e-01 
 2.62031164e-06  9.10000000e-01  4.02270725e-01 
 2.62131164e-06  9.10000000e-01  4.02270684e-01 
 2.62231164e-06  9.10000000e-01  4.02270644e-01 
 2.62331164e-06  9.10000000e-01  4.02270604e-01 
 2.62431164e-06  9.10000000e-01  4.02270565e-01 
 2.62531164e-06  9.10000000e-01  4.02270527e-01 
 2.62631164e-06  9.10000000e-01  4.02270489e-01 
 2.62731164e-06  9.10000000e-01  4.02270452e-01 
 2.62831164e-06  9.10000000e-01  4.02270415e-01 
 2.62931164e-06  9.10000000e-01  4.02270379e-01 
 2.63031164e-06  9.10000000e-01  4.02270344e-01 
 2.63131164e-06  9.10000000e-01  4.02270309e-01 
 2.63231164e-06  9.10000000e-01  4.02270275e-01 
 2.63331164e-06  9.10000000e-01  4.02270241e-01 
 2.63431164e-06  9.10000000e-01  4.02270208e-01 
 2.63531164e-06  9.10000000e-01  4.02270176e-01 
 2.63631164e-06  9.10000000e-01  4.02270144e-01 
 2.63731164e-06  9.10000000e-01  4.02270113e-01 
 2.63831164e-06  9.10000000e-01  4.02270082e-01 
 2.63931164e-06  9.10000000e-01  4.02270052e-01 
 2.64031164e-06  9.10000000e-01  4.02270023e-01 
 2.64131164e-06  9.10000000e-01  4.02269994e-01 
 2.64231164e-06  9.10000000e-01  4.02269966e-01 
 2.64331164e-06  9.10000000e-01  4.02269938e-01 
 2.64431164e-06  9.10000000e-01  4.02269911e-01 
 2.64531164e-06  9.10000000e-01  4.02269885e-01 
 2.64631164e-06  9.10000000e-01  4.02269859e-01 
 2.64731164e-06  9.10000000e-01  4.02269833e-01 
 2.64831164e-06  9.10000000e-01  4.02269808e-01 
 2.64931164e-06  9.10000000e-01  4.02269784e-01 
 2.65031164e-06  9.10000000e-01  4.02269760e-01 
 2.65131164e-06  9.10000000e-01  4.02269737e-01 
 2.65231164e-06  9.10000000e-01  4.02269715e-01 
 2.65331164e-06  9.10000000e-01  4.02269693e-01 
 2.65431164e-06  9.10000000e-01  4.02269671e-01 
 2.65531164e-06  9.10000000e-01  4.02269650e-01 
 2.65631164e-06  9.10000000e-01  4.02269630e-01 
 2.65731164e-06  9.10000000e-01  4.02269610e-01 
 2.65831164e-06  9.10000000e-01  4.02269591e-01 
 2.65931164e-06  9.10000000e-01  4.02269572e-01 
 2.66031164e-06  9.10000000e-01  4.02269554e-01 
 2.66131164e-06  9.10000000e-01  4.02269536e-01 
 2.66231164e-06  9.10000000e-01  4.02269519e-01 
 2.66331164e-06  9.10000000e-01  4.02269502e-01 
 2.66431164e-06  9.10000000e-01  4.02269486e-01 
 2.66531164e-06  9.10000000e-01  4.02269471e-01 
 2.66631164e-06  9.10000000e-01  4.02269456e-01 
 2.66731164e-06  9.10000000e-01  4.02269441e-01 
 2.66831164e-06  9.10000000e-01  4.02269427e-01 
 2.66931164e-06  9.10000000e-01  4.02269414e-01 
 2.67031164e-06  9.10000000e-01  4.02269400e-01 
 2.67131164e-06  9.10000000e-01  4.02269388e-01 
 2.67231164e-06  9.10000000e-01  4.02269376e-01 
 2.67331164e-06  9.10000000e-01  4.02269364e-01 
 2.67431164e-06  9.10000000e-01  4.02269353e-01 
 2.67531164e-06  9.10000000e-01  4.02269343e-01 
 2.67631164e-06  9.10000000e-01  4.02269333e-01 
 2.67731164e-06  9.10000000e-01  4.02269323e-01 
 2.67831164e-06  9.10000000e-01  4.02269314e-01 
 2.67931164e-06  9.10000000e-01  4.02269306e-01 
 2.68031164e-06  9.10000000e-01  4.02269298e-01 
 2.68131164e-06  9.10000000e-01  4.02269290e-01 
 2.68231164e-06  9.10000000e-01  4.02269283e-01 
 2.68331164e-06  9.10000000e-01  4.02269276e-01 
 2.68431164e-06  9.10000000e-01  4.02269270e-01 
 2.68531164e-06  9.10000000e-01  4.02269264e-01 
 2.68631164e-06  9.10000000e-01  4.02269259e-01 
 2.68731164e-06  9.10000000e-01  4.02269254e-01 
 2.68831164e-06  9.10000000e-01  4.02269250e-01 
 2.68931164e-06  9.10000000e-01  4.02269246e-01 
 2.69031164e-06  9.10000000e-01  4.02269243e-01 
 2.69131164e-06  9.10000000e-01  4.02269240e-01 
 2.69231164e-06  9.10000000e-01  4.02269237e-01 
 2.69331164e-06  9.10000000e-01  4.02269235e-01 
 2.69431164e-06  9.10000000e-01  4.02269234e-01 
 2.69531164e-06  9.10000000e-01  4.02269232e-01 
 2.69631164e-06  9.10000000e-01  4.02269232e-01 
 2.69731164e-06  9.10000000e-01  4.02269231e-01 
 2.69831164e-06  9.10000000e-01  4.02269232e-01 
 2.69931164e-06  9.10000000e-01  4.02269232e-01 
 2.70031164e-06  9.10000000e-01  4.02269233e-01 
 2.70131164e-06  9.10000000e-01  4.02269235e-01 
 2.70231164e-06  9.10000000e-01  4.02269236e-01 
 2.70331164e-06  9.10000000e-01  4.02269239e-01 
 2.70431164e-06  9.10000000e-01  4.02269241e-01 
 2.70531164e-06  9.10000000e-01  4.02269244e-01 
 2.70631164e-06  9.10000000e-01  4.02269248e-01 
 2.70731164e-06  9.10000000e-01  4.02269252e-01 
 2.70831164e-06  9.10000000e-01  4.02269256e-01 
 2.70931164e-06  9.10000000e-01  4.02269261e-01 
 2.71031164e-06  9.10000000e-01  4.02269266e-01 
 2.71131164e-06  9.10000000e-01  4.02269272e-01 
 2.71231164e-06  9.10000000e-01  4.02269278e-01 
 2.71331164e-06  9.10000000e-01  4.02269284e-01 
 2.71431164e-06  9.10000000e-01  4.02269291e-01 
 2.71531164e-06  9.10000000e-01  4.02269298e-01 
 2.71631164e-06  9.10000000e-01  4.02269305e-01 
 2.71731164e-06  9.10000000e-01  4.02269313e-01 
 2.71831164e-06  9.10000000e-01  4.02269321e-01 
 2.71931164e-06  9.10000000e-01  4.02269330e-01 
 2.72031164e-06  9.10000000e-01  4.02269339e-01 
 2.72131164e-06  9.10000000e-01  4.02269348e-01 
 2.72231164e-06  9.10000000e-01  4.02269358e-01 
 2.72331164e-06  9.10000000e-01  4.02269368e-01 
 2.72431164e-06  9.10000000e-01  4.02269379e-01 
 2.72531164e-06  9.10000000e-01  4.02269390e-01 
 2.72631164e-06  9.10000000e-01  4.02269401e-01 
 2.72731164e-06  9.10000000e-01  4.02269413e-01 
 2.72831164e-06  9.10000000e-01  4.02269424e-01 
 2.72931164e-06  9.10000000e-01  4.02269437e-01 
 2.73031164e-06  9.10000000e-01  4.02269449e-01 
 2.73131164e-06  9.10000000e-01  4.02269462e-01 
 2.73231164e-06  9.10000000e-01  4.02269476e-01 
 2.73331164e-06  9.10000000e-01  4.02269489e-01 
 2.73431164e-06  9.10000000e-01  4.02269503e-01 
 2.73531164e-06  9.10000000e-01  4.02269518e-01 
 2.73631164e-06  9.10000000e-01  4.02269532e-01 
 2.73731164e-06  9.10000000e-01  4.02269547e-01 
 2.73831164e-06  9.10000000e-01  4.02269563e-01 
 2.73931164e-06  9.10000000e-01  4.02269578e-01 
 2.74031164e-06  9.10000000e-01  4.02269594e-01 
 2.74131164e-06  9.10000000e-01  4.02269611e-01 
 2.74231164e-06  9.10000000e-01  4.02269627e-01 
 2.74331164e-06  9.10000000e-01  4.02269644e-01 
 2.74431164e-06  9.10000000e-01  4.02269661e-01 
 2.74531164e-06  9.10000000e-01  4.02269679e-01 
 2.74631164e-06  9.10000000e-01  4.02269697e-01 
 2.74731164e-06  9.10000000e-01  4.02269715e-01 
 2.74831164e-06  9.10000000e-01  4.02269734e-01 
 2.74931164e-06  9.10000000e-01  4.02269752e-01 
 2.75031164e-06  9.10000000e-01  4.02269771e-01 
 2.75131164e-06  9.10000000e-01  4.02269791e-01 
 2.75231164e-06  9.10000000e-01  4.02269811e-01 
 2.75331164e-06  9.10000000e-01  4.02269831e-01 
 2.75431164e-06  9.10000000e-01  4.02269851e-01 
 2.75531164e-06  9.10000000e-01  4.02269871e-01 
 2.75631164e-06  9.10000000e-01  4.02269892e-01 
 2.75731164e-06  9.10000000e-01  4.02269913e-01 
 2.75831164e-06  9.10000000e-01  4.02269935e-01 
 2.75931164e-06  9.10000000e-01  4.02269956e-01 
 2.76031164e-06  9.10000000e-01  4.02269978e-01 
 2.76131164e-06  9.10000000e-01  4.02270000e-01 
 2.76231164e-06  9.10000000e-01  4.02270023e-01 
 2.76331164e-06  9.10000000e-01  4.02270046e-01 
 2.76431164e-06  9.10000000e-01  4.02270069e-01 
 2.76531164e-06  9.10000000e-01  4.02270092e-01 
 2.76631164e-06  9.10000000e-01  4.02270115e-01 
 2.76731164e-06  9.10000000e-01  4.02270139e-01 
 2.76831164e-06  9.10000000e-01  4.02270163e-01 
 2.76931164e-06  9.10000000e-01  4.02270188e-01 
 2.77031164e-06  9.10000000e-01  4.02270212e-01 
 2.77131164e-06  9.10000000e-01  4.02270237e-01 
 2.77231164e-06  9.10000000e-01  4.02270262e-01 
 2.77331164e-06  9.10000000e-01  4.02270287e-01 
 2.77431164e-06  9.10000000e-01  4.02270313e-01 
 2.77531164e-06  9.10000000e-01  4.02270338e-01 
 2.77631164e-06  9.10000000e-01  4.02270364e-01 
 2.77731164e-06  9.10000000e-01  4.02270391e-01 
 2.77831164e-06  9.10000000e-01  4.02270417e-01 
 2.77931164e-06  9.10000000e-01  4.02270444e-01 
 2.78031164e-06  9.10000000e-01  4.02270471e-01 
 2.78131164e-06  9.10000000e-01  4.02270498e-01 
 2.78231164e-06  9.10000000e-01  4.02270525e-01 
 2.78331164e-06  9.10000000e-01  4.02270553e-01 
 2.78431164e-06  9.10000000e-01  4.02270580e-01 
 2.78531164e-06  9.10000000e-01  4.02270608e-01 
 2.78631164e-06  9.10000000e-01  4.02270636e-01 
 2.78731164e-06  9.10000000e-01  4.02270665e-01 
 2.78831164e-06  9.10000000e-01  4.02270693e-01 
 2.78931164e-06  9.10000000e-01  4.02270722e-01 
 2.79031164e-06  9.10000000e-01  4.02270751e-01 
 2.79131164e-06  9.10000000e-01  4.02270781e-01 
 2.79231164e-06  9.10000000e-01  4.02270810e-01 
 2.79331164e-06  9.10000000e-01  4.02270840e-01 
 2.79431164e-06  9.10000000e-01  4.02270869e-01 
 2.79531164e-06  9.10000000e-01  4.02270899e-01 
 2.79631164e-06  9.10000000e-01  4.02270929e-01 
 2.79731164e-06  9.10000000e-01  4.02270960e-01 
 2.79831164e-06  9.10000000e-01  4.02270990e-01 
 2.79931164e-06  9.10000000e-01  4.02271021e-01 
 2.80031164e-06  9.10000000e-01  4.02271052e-01 
 2.80131164e-06  9.10000000e-01  4.02271083e-01 
 2.80231164e-06  9.10000000e-01  4.02271114e-01 
 2.80331164e-06  9.10000000e-01  4.02271146e-01 
 2.80431164e-06  9.10000000e-01  4.02271177e-01 
 2.80531164e-06  9.10000000e-01  4.02271209e-01 
 2.80631164e-06  9.10000000e-01  4.02271241e-01 
 2.80731164e-06  9.10000000e-01  4.02271273e-01 
 2.80831164e-06  9.10000000e-01  4.02271305e-01 
 2.80931164e-06  9.10000000e-01  4.02271338e-01 
 2.81031164e-06  9.10000000e-01  4.02271370e-01 
 2.81131164e-06  9.10000000e-01  4.02271403e-01 
 2.81231164e-06  9.10000000e-01  4.02271436e-01 
 2.81331164e-06  9.10000000e-01  4.02271469e-01 
 2.81431164e-06  9.10000000e-01  4.02271502e-01 
 2.81531164e-06  9.10000000e-01  4.02271536e-01 
 2.81631164e-06  9.10000000e-01  4.02271569e-01 
 2.81731164e-06  9.10000000e-01  4.02271603e-01 
 2.81831164e-06  9.10000000e-01  4.02271636e-01 
 2.81931164e-06  9.10000000e-01  4.02271670e-01 
 2.82031164e-06  9.10000000e-01  4.02271704e-01 
 2.82131164e-06  9.10000000e-01  4.02271739e-01 
 2.82231164e-06  9.10000000e-01  4.02271773e-01 
 2.82331164e-06  9.10000000e-01  4.02271807e-01 
 2.82431164e-06  9.10000000e-01  4.02271842e-01 
 2.82531164e-06  9.10000000e-01  4.02271877e-01 
 2.82631164e-06  9.10000000e-01  4.02271911e-01 
 2.82731164e-06  9.10000000e-01  4.02271946e-01 
 2.82831164e-06  9.10000000e-01  4.02271981e-01 
 2.82931164e-06  9.10000000e-01  4.02272016e-01 
 2.83031164e-06  9.10000000e-01  4.02272052e-01 
 2.83131164e-06  9.10000000e-01  4.02272087e-01 
 2.83231164e-06  9.10000000e-01  4.02272123e-01 
 2.83331164e-06  9.10000000e-01  4.02272158e-01 
 2.83431164e-06  9.10000000e-01  4.02272194e-01 
 2.83531164e-06  9.10000000e-01  4.02272230e-01 
 2.83631164e-06  9.10000000e-01  4.02272266e-01 
 2.83731164e-06  9.10000000e-01  4.02272302e-01 
 2.83831164e-06  9.10000000e-01  4.02272338e-01 
 2.83931164e-06  9.10000000e-01  4.02272374e-01 
 2.84031164e-06  9.10000000e-01  4.02272411e-01 
 2.84131164e-06  9.10000000e-01  4.02272447e-01 
 2.84231164e-06  9.10000000e-01  4.02272483e-01 
 2.84331164e-06  9.10000000e-01  4.02272520e-01 
 2.84431164e-06  9.10000000e-01  4.02272557e-01 
 2.84531164e-06  9.10000000e-01  4.02272594e-01 
 2.84631164e-06  9.10000000e-01  4.02272630e-01 
 2.84731164e-06  9.10000000e-01  4.02272667e-01 
 2.84831164e-06  9.10000000e-01  4.02272704e-01 
 2.84931164e-06  9.10000000e-01  4.02272742e-01 
 2.85031164e-06  9.10000000e-01  4.02272779e-01 
 2.85131164e-06  9.10000000e-01  4.02272816e-01 
 2.85231164e-06  9.10000000e-01  4.02272853e-01 
 2.85331164e-06  9.10000000e-01  4.02272891e-01 
 2.85431164e-06  9.10000000e-01  4.02272928e-01 
 2.85531164e-06  9.10000000e-01  4.02272966e-01 
 2.85631164e-06  9.10000000e-01  4.02273003e-01 
 2.85731164e-06  9.10000000e-01  4.02273041e-01 
 2.85831164e-06  9.10000000e-01  4.02273079e-01 
 2.85931164e-06  9.10000000e-01  4.02273117e-01 
 2.86031164e-06  9.10000000e-01  4.02273154e-01 
 2.86131164e-06  9.10000000e-01  4.02273192e-01 
 2.86231164e-06  9.10000000e-01  4.02273230e-01 
 2.86331164e-06  9.10000000e-01  4.02273268e-01 
 2.86431164e-06  9.10000000e-01  4.02273307e-01 
 2.86531164e-06  9.10000000e-01  4.02273345e-01 
 2.86631164e-06  9.10000000e-01  4.02273383e-01 
 2.86731164e-06  9.10000000e-01  4.02273421e-01 
 2.86831164e-06  9.10000000e-01  4.02273459e-01 
 2.86931164e-06  9.10000000e-01  4.02273498e-01 
 2.87031164e-06  9.10000000e-01  4.02273536e-01 
 2.87131164e-06  9.10000000e-01  4.02273574e-01 
 2.87231164e-06  9.10000000e-01  4.02273613e-01 
 2.87331164e-06  9.10000000e-01  4.02273651e-01 
 2.87431164e-06  9.10000000e-01  4.02273690e-01 
 2.87531164e-06  9.10000000e-01  4.02273728e-01 
 2.87631164e-06  9.10000000e-01  4.02273767e-01 
 2.87731164e-06  9.10000000e-01  4.02273806e-01 
 2.87831164e-06  9.10000000e-01  4.02273844e-01 
 2.87931164e-06  9.10000000e-01  4.02273883e-01 
 2.88031164e-06  9.10000000e-01  4.02273922e-01 
 2.88131164e-06  9.10000000e-01  4.02273960e-01 
 2.88231164e-06  9.10000000e-01  4.02273999e-01 
 2.88331164e-06  9.10000000e-01  4.02274038e-01 
 2.88431164e-06  9.10000000e-01  4.02274077e-01 
 2.88531164e-06  9.10000000e-01  4.02274116e-01 
 2.88631164e-06  9.10000000e-01  4.02274154e-01 
 2.88731164e-06  9.10000000e-01  4.02274193e-01 
 2.88831164e-06  9.10000000e-01  4.02274232e-01 
 2.88931164e-06  9.10000000e-01  4.02274271e-01 
 2.89031164e-06  9.10000000e-01  4.02274310e-01 
 2.89131164e-06  9.10000000e-01  4.02274349e-01 
 2.89231164e-06  9.10000000e-01  4.02274388e-01 
 2.89331164e-06  9.10000000e-01  4.02274427e-01 
 2.89431164e-06  9.10000000e-01  4.02274465e-01 
 2.89531164e-06  9.10000000e-01  4.02274504e-01 
 2.89631164e-06  9.10000000e-01  4.02274543e-01 
 2.89731164e-06  9.10000000e-01  4.02274582e-01 
 2.89831164e-06  9.10000000e-01  4.02274621e-01 
 2.89931164e-06  9.10000000e-01  4.02274660e-01 
 2.90031164e-06  9.10000000e-01  4.02274699e-01 
 2.90131164e-06  9.10000000e-01  4.02274738e-01 
 2.90231164e-06  9.10000000e-01  4.02274777e-01 
 2.90331164e-06  9.10000000e-01  4.02274816e-01 
 2.90431164e-06  9.10000000e-01  4.02274855e-01 
 2.90531164e-06  9.10000000e-01  4.02274893e-01 
 2.90631164e-06  9.10000000e-01  4.02274932e-01 
 2.90731164e-06  9.10000000e-01  4.02274971e-01 
 2.90831164e-06  9.10000000e-01  4.02275010e-01 
 2.90931164e-06  9.10000000e-01  4.02275049e-01 
 2.91031164e-06  9.10000000e-01  4.02275088e-01 
 2.91131164e-06  9.10000000e-01  4.02275126e-01 
 2.91231164e-06  9.10000000e-01  4.02275165e-01 
 2.91331164e-06  9.10000000e-01  4.02275204e-01 
 2.91431164e-06  9.10000000e-01  4.02275243e-01 
 2.91531164e-06  9.10000000e-01  4.02275281e-01 
 2.91631164e-06  9.10000000e-01  4.02275320e-01 
 2.91731164e-06  9.10000000e-01  4.02275359e-01 
 2.91831164e-06  9.10000000e-01  4.02275397e-01 
 2.91931164e-06  9.10000000e-01  4.02275436e-01 
 2.92031164e-06  9.10000000e-01  4.02275474e-01 
 2.92131164e-06  9.10000000e-01  4.02275513e-01 
 2.92231164e-06  9.10000000e-01  4.02275551e-01 
 2.92331164e-06  9.10000000e-01  4.02275590e-01 
 2.92431164e-06  9.10000000e-01  4.02275628e-01 
 2.92531164e-06  9.10000000e-01  4.02275667e-01 
 2.92631164e-06  9.10000000e-01  4.02275705e-01 
 2.92731164e-06  9.10000000e-01  4.02275743e-01 
 2.92831164e-06  9.10000000e-01  4.02275782e-01 
 2.92931164e-06  9.10000000e-01  4.02275820e-01 
 2.93031164e-06  9.10000000e-01  4.02275858e-01 
 2.93131164e-06  9.10000000e-01  4.02275896e-01 
 2.93231164e-06  9.10000000e-01  4.02275934e-01 
 2.93331164e-06  9.10000000e-01  4.02275972e-01 
 2.93431164e-06  9.10000000e-01  4.02276011e-01 
 2.93531164e-06  9.10000000e-01  4.02276048e-01 
 2.93631164e-06  9.10000000e-01  4.02276086e-01 
 2.93731164e-06  9.10000000e-01  4.02276124e-01 
 2.93831164e-06  9.10000000e-01  4.02276162e-01 
 2.93931164e-06  9.10000000e-01  4.02276200e-01 
 2.94031164e-06  9.10000000e-01  4.02276238e-01 
 2.94131164e-06  9.10000000e-01  4.02276275e-01 
 2.94231164e-06  9.10000000e-01  4.02276313e-01 
 2.94331164e-06  9.10000000e-01  4.02276350e-01 
 2.94431164e-06  9.10000000e-01  4.02276388e-01 
 2.94531164e-06  9.10000000e-01  4.02276425e-01 
 2.94631164e-06  9.10000000e-01  4.02276463e-01 
 2.94731164e-06  9.10000000e-01  4.02276500e-01 
 2.94831164e-06  9.10000000e-01  4.02276537e-01 
 2.94931164e-06  9.10000000e-01  4.02276575e-01 
 2.95031164e-06  9.10000000e-01  4.02276612e-01 
 2.95131164e-06  9.10000000e-01  4.02276649e-01 
 2.95231164e-06  9.10000000e-01  4.02276686e-01 
 2.95331164e-06  9.10000000e-01  4.02276723e-01 
 2.95431164e-06  9.10000000e-01  4.02276760e-01 
 2.95531164e-06  9.10000000e-01  4.02276796e-01 
 2.95631164e-06  9.10000000e-01  4.02276833e-01 
 2.95731164e-06  9.10000000e-01  4.02276870e-01 
 2.95831164e-06  9.10000000e-01  4.02276907e-01 
 2.95931164e-06  9.10000000e-01  4.02276943e-01 
 2.96031164e-06  9.10000000e-01  4.02276980e-01 
 2.96131164e-06  9.10000000e-01  4.02277016e-01 
 2.96231164e-06  9.10000000e-01  4.02277052e-01 
 2.96331164e-06  9.10000000e-01  4.02277088e-01 
 2.96431164e-06  9.10000000e-01  4.02277125e-01 
 2.96531164e-06  9.10000000e-01  4.02277161e-01 
 2.96631164e-06  9.10000000e-01  4.02277197e-01 
 2.96731164e-06  9.10000000e-01  4.02277233e-01 
 2.96831164e-06  9.10000000e-01  4.02277269e-01 
 2.96931164e-06  9.10000000e-01  4.02277304e-01 
 2.97031164e-06  9.10000000e-01  4.02277340e-01 
 2.97131164e-06  9.10000000e-01  4.02277376e-01 
 2.97231164e-06  9.10000000e-01  4.02277411e-01 
 2.97331164e-06  9.10000000e-01  4.02277447e-01 
 2.97431164e-06  9.10000000e-01  4.02277482e-01 
 2.97531164e-06  9.10000000e-01  4.02277517e-01 
 2.97631164e-06  9.10000000e-01  4.02277552e-01 
 2.97731164e-06  9.10000000e-01  4.02277588e-01 
 2.97831164e-06  9.10000000e-01  4.02277623e-01 
 2.97931164e-06  9.10000000e-01  4.02277658e-01 
 2.98031164e-06  9.10000000e-01  4.02277692e-01 
 2.98131164e-06  9.10000000e-01  4.02277727e-01 
 2.98231164e-06  9.10000000e-01  4.02277762e-01 
 2.98331164e-06  9.10000000e-01  4.02277796e-01 
 2.98431164e-06  9.10000000e-01  4.02277831e-01 
 2.98531164e-06  9.10000000e-01  4.02277865e-01 
 2.98631164e-06  9.10000000e-01  4.02277900e-01 
 2.98731164e-06  9.10000000e-01  4.02277934e-01 
 2.98831164e-06  9.10000000e-01  4.02277968e-01 
 2.98931164e-06  9.10000000e-01  4.02278002e-01 
 2.99031164e-06  9.10000000e-01  4.02278036e-01 
 2.99131164e-06  9.10000000e-01  4.02278070e-01 
 2.99231164e-06  9.10000000e-01  4.02278103e-01 
 2.99331164e-06  9.10000000e-01  4.02278137e-01 
 2.99431164e-06  9.10000000e-01  4.02278171e-01 
 2.99531164e-06  9.10000000e-01  4.02278204e-01 
 2.99631164e-06  9.10000000e-01  4.02278237e-01 
 2.99731164e-06  9.10000000e-01  4.02278271e-01 
 2.99831164e-06  9.10000000e-01  4.02278304e-01 
 2.99931164e-06  9.10000000e-01  4.02278337e-01 
 3.00000000e-06  9.10000000e-01  4.02278359e-01 
