 time            Vin             Vout           
 0.00000000e+00  7.80000000e-01  2.70592010e-01 
 1.00000000e-11  7.80000000e-01  2.70592010e-01 
 2.00000000e-11  7.80000000e-01  2.70592010e-01 
 4.00000000e-11  7.80000000e-01  2.70592010e-01 
 8.00000000e-11  7.80000000e-01  2.70592010e-01 
 1.60000000e-10  7.80000000e-01  2.70592010e-01 
 3.20000000e-10  7.80000000e-01  2.70592010e-01 
 6.40000000e-10  7.80000000e-01  2.70592010e-01 
 1.28000000e-09  7.80000000e-01  2.70592010e-01 
 2.28000000e-09  7.80000000e-01  2.70592010e-01 
 3.28000000e-09  7.80000000e-01  2.70592010e-01 
 4.28000000e-09  7.80000000e-01  2.70592010e-01 
 5.28000000e-09  7.80000000e-01  2.70592010e-01 
 6.28000000e-09  7.80000000e-01  2.70592010e-01 
 7.28000000e-09  7.80000000e-01  2.70592010e-01 
 8.28000000e-09  7.80000000e-01  2.70592010e-01 
 9.28000000e-09  7.80000000e-01  2.70592010e-01 
 1.02800000e-08  7.80000000e-01  2.70592010e-01 
 1.12800000e-08  7.80000000e-01  2.70592010e-01 
 1.22800000e-08  7.80000000e-01  2.70592010e-01 
 1.32800000e-08  7.80000000e-01  2.70592010e-01 
 1.42800000e-08  7.80000000e-01  2.70592010e-01 
 1.52800000e-08  7.80000000e-01  2.70592010e-01 
 1.62800000e-08  7.80000000e-01  2.70592010e-01 
 1.72800000e-08  7.80000000e-01  2.70592010e-01 
 1.82800000e-08  7.80000000e-01  2.70592010e-01 
 1.92800000e-08  7.80000000e-01  2.70592010e-01 
 2.02800000e-08  7.80000000e-01  2.70592010e-01 
 2.12800000e-08  7.80000000e-01  2.70592010e-01 
 2.22800000e-08  7.80000000e-01  2.70592010e-01 
 2.32800000e-08  7.80000000e-01  2.70592010e-01 
 2.42800000e-08  7.80000000e-01  2.70592010e-01 
 2.52800000e-08  7.80000000e-01  2.70592010e-01 
 2.62800000e-08  7.80000000e-01  2.70592010e-01 
 2.72800000e-08  7.80000000e-01  2.70592010e-01 
 2.82800000e-08  7.80000000e-01  2.70592010e-01 
 2.92800000e-08  7.80000000e-01  2.70592010e-01 
 3.02800000e-08  7.80000000e-01  2.70592010e-01 
 3.12800000e-08  7.80000000e-01  2.70592010e-01 
 3.22800000e-08  7.80000000e-01  2.70592010e-01 
 3.32800000e-08  7.80000000e-01  2.70592010e-01 
 3.42800000e-08  7.80000000e-01  2.70592010e-01 
 3.52800000e-08  7.80000000e-01  2.70592010e-01 
 3.62800000e-08  7.80000000e-01  2.70592010e-01 
 3.72800000e-08  7.80000000e-01  2.70592010e-01 
 3.82800000e-08  7.80000000e-01  2.70592010e-01 
 3.92800000e-08  7.80000000e-01  2.70592010e-01 
 4.02800000e-08  7.80000000e-01  2.70592010e-01 
 4.12800000e-08  7.80000000e-01  2.70592010e-01 
 4.22800000e-08  7.80000000e-01  2.70592010e-01 
 4.32800000e-08  7.80000000e-01  2.70592010e-01 
 4.42800000e-08  7.80000000e-01  2.70592010e-01 
 4.52800000e-08  7.80000000e-01  2.70592010e-01 
 4.62800000e-08  7.80000000e-01  2.70592010e-01 
 4.72800000e-08  7.80000000e-01  2.70592010e-01 
 4.82800000e-08  7.80000000e-01  2.70592010e-01 
 4.92800000e-08  7.80000000e-01  2.70592010e-01 
 5.02800000e-08  7.80000000e-01  2.70592010e-01 
 5.12800000e-08  7.80000000e-01  2.70592010e-01 
 5.22800000e-08  7.80000000e-01  2.70592010e-01 
 5.32800000e-08  7.80000000e-01  2.70592010e-01 
 5.42800000e-08  7.80000000e-01  2.70592010e-01 
 5.52800000e-08  7.80000000e-01  2.70592010e-01 
 5.62800000e-08  7.80000000e-01  2.70592010e-01 
 5.72800000e-08  7.80000000e-01  2.70592010e-01 
 5.82800000e-08  7.80000000e-01  2.70592010e-01 
 5.92800000e-08  7.80000000e-01  2.70592010e-01 
 6.02800000e-08  7.80000000e-01  2.70592010e-01 
 6.12800000e-08  7.80000000e-01  2.70592010e-01 
 6.22800000e-08  7.80000000e-01  2.70592010e-01 
 6.32800000e-08  7.80000000e-01  2.70592010e-01 
 6.42800000e-08  7.80000000e-01  2.70592010e-01 
 6.52800000e-08  7.80000000e-01  2.70592010e-01 
 6.62800000e-08  7.80000000e-01  2.70592010e-01 
 6.72800000e-08  7.80000000e-01  2.70592010e-01 
 6.82800000e-08  7.80000000e-01  2.70592010e-01 
 6.92800000e-08  7.80000000e-01  2.70592010e-01 
 7.02800000e-08  7.80000000e-01  2.70592010e-01 
 7.12800000e-08  7.80000000e-01  2.70592010e-01 
 7.22800000e-08  7.80000000e-01  2.70592010e-01 
 7.32800000e-08  7.80000000e-01  2.70592010e-01 
 7.42800000e-08  7.80000000e-01  2.70592010e-01 
 7.52800000e-08  7.80000000e-01  2.70592010e-01 
 7.62800000e-08  7.80000000e-01  2.70592010e-01 
 7.72800000e-08  7.80000000e-01  2.70592010e-01 
 7.82800000e-08  7.80000000e-01  2.70592010e-01 
 7.92800000e-08  7.80000000e-01  2.70592010e-01 
 8.02800000e-08  7.80000000e-01  2.70592010e-01 
 8.12800000e-08  7.80000000e-01  2.70592010e-01 
 8.22800000e-08  7.80000000e-01  2.70592010e-01 
 8.32800000e-08  7.80000000e-01  2.70592010e-01 
 8.42800000e-08  7.80000000e-01  2.70592010e-01 
 8.52800000e-08  7.80000000e-01  2.70592010e-01 
 8.62800000e-08  7.80000000e-01  2.70592010e-01 
 8.72800000e-08  7.80000000e-01  2.70592010e-01 
 8.82800000e-08  7.80000000e-01  2.70592010e-01 
 8.92800000e-08  7.80000000e-01  2.70592010e-01 
 9.02800000e-08  7.80000000e-01  2.70592010e-01 
 9.12800000e-08  7.80000000e-01  2.70592010e-01 
 9.22800000e-08  7.80000000e-01  2.70592010e-01 
 9.32800000e-08  7.80000000e-01  2.70592010e-01 
 9.42800000e-08  7.80000000e-01  2.70592010e-01 
 9.52800000e-08  7.80000000e-01  2.70592010e-01 
 9.62800000e-08  7.80000000e-01  2.70592010e-01 
 9.72800000e-08  7.80000000e-01  2.70592010e-01 
 9.82800000e-08  7.80000000e-01  2.70592010e-01 
 9.92800000e-08  7.80000000e-01  2.70592010e-01 
 1.00000000e-07  7.80000000e-01  2.70592010e-01 
 1.00000100e-07  7.81000000e-01  2.70593397e-01 
 1.00000300e-07  7.83000000e-01  2.70596180e-01 
 1.00000700e-07  7.87000000e-01  2.70601788e-01 
 1.00001000e-07  7.90000000e-01  2.70606030e-01 
 1.00001080e-07  7.90000000e-01  2.70606035e-01 
 1.00001240e-07  7.90000000e-01  2.70606045e-01 
 1.00001560e-07  7.90000000e-01  2.70606066e-01 
 1.00002200e-07  7.90000000e-01  2.70606107e-01 
 1.00003480e-07  7.90000000e-01  2.70606189e-01 
 1.00006040e-07  7.90000000e-01  2.70606354e-01 
 1.00011160e-07  7.90000000e-01  2.70606684e-01 
 1.00021400e-07  7.90000000e-01  2.70607343e-01 
 1.00041880e-07  7.90000000e-01  2.70608661e-01 
 1.00082840e-07  7.90000000e-01  2.70611298e-01 
 1.00164760e-07  7.90000000e-01  2.70616570e-01 
 1.00328600e-07  7.90000000e-01  2.70627114e-01 
 1.00656280e-07  7.90000000e-01  2.70648198e-01 
 1.01311640e-07  7.90000000e-01  2.70690347e-01 
 1.02311640e-07  7.90000000e-01  2.70754612e-01 
 1.03311640e-07  7.90000000e-01  2.70818817e-01 
 1.04311640e-07  7.90000000e-01  2.70882959e-01 
 1.05311640e-07  7.90000000e-01  2.70947037e-01 
 1.06311640e-07  7.90000000e-01  2.71011047e-01 
 1.07311640e-07  7.90000000e-01  2.71074989e-01 
 1.08311640e-07  7.90000000e-01  2.71138859e-01 
 1.09311640e-07  7.90000000e-01  2.71202655e-01 
 1.10311640e-07  7.90000000e-01  2.71266376e-01 
 1.11311640e-07  7.90000000e-01  2.71330020e-01 
 1.12311640e-07  7.90000000e-01  2.71393584e-01 
 1.13311640e-07  7.90000000e-01  2.71457067e-01 
 1.14311640e-07  7.90000000e-01  2.71520467e-01 
 1.15311640e-07  7.90000000e-01  2.71583781e-01 
 1.16311640e-07  7.90000000e-01  2.71647007e-01 
 1.17311640e-07  7.90000000e-01  2.71710145e-01 
 1.18311640e-07  7.90000000e-01  2.71773191e-01 
 1.19311640e-07  7.90000000e-01  2.71836145e-01 
 1.20311640e-07  7.90000000e-01  2.71899004e-01 
 1.21311640e-07  7.90000000e-01  2.71961766e-01 
 1.22311640e-07  7.90000000e-01  2.72024430e-01 
 1.23311640e-07  7.90000000e-01  2.72086994e-01 
 1.24311640e-07  7.90000000e-01  2.72149456e-01 
 1.25311640e-07  7.90000000e-01  2.72211814e-01 
 1.26311640e-07  7.90000000e-01  2.72274067e-01 
 1.27311640e-07  7.90000000e-01  2.72336214e-01 
 1.28311640e-07  7.90000000e-01  2.72398251e-01 
 1.29311640e-07  7.90000000e-01  2.72460179e-01 
 1.30311640e-07  7.90000000e-01  2.72521994e-01 
 1.31311640e-07  7.90000000e-01  2.72583696e-01 
 1.32311640e-07  7.90000000e-01  2.72645283e-01 
 1.33311640e-07  7.90000000e-01  2.72706754e-01 
 1.34311640e-07  7.90000000e-01  2.72768106e-01 
 1.35311640e-07  7.90000000e-01  2.72829339e-01 
 1.36311640e-07  7.90000000e-01  2.72890451e-01 
 1.37311640e-07  7.90000000e-01  2.72951440e-01 
 1.38311640e-07  7.90000000e-01  2.73012305e-01 
 1.39311640e-07  7.90000000e-01  2.73073045e-01 
 1.40311640e-07  7.90000000e-01  2.73133657e-01 
 1.41311640e-07  7.90000000e-01  2.73194142e-01 
 1.42311640e-07  7.90000000e-01  2.73254496e-01 
 1.43311640e-07  7.90000000e-01  2.73314720e-01 
 1.44311640e-07  7.90000000e-01  2.73374811e-01 
 1.45311640e-07  7.90000000e-01  2.73434769e-01 
 1.46311640e-07  7.90000000e-01  2.73494591e-01 
 1.47311640e-07  7.90000000e-01  2.73554278e-01 
 1.48311640e-07  7.90000000e-01  2.73613826e-01 
 1.49311640e-07  7.90000000e-01  2.73673236e-01 
 1.50311640e-07  7.90000000e-01  2.73732506e-01 
 1.51311640e-07  7.90000000e-01  2.73791634e-01 
 1.52311640e-07  7.90000000e-01  2.73850620e-01 
 1.53311640e-07  7.90000000e-01  2.73909462e-01 
 1.54311640e-07  7.90000000e-01  2.73968159e-01 
 1.55311640e-07  7.90000000e-01  2.74026711e-01 
 1.56311640e-07  7.90000000e-01  2.74085115e-01 
 1.57311640e-07  7.90000000e-01  2.74143371e-01 
 1.58311640e-07  7.90000000e-01  2.74201477e-01 
 1.59311640e-07  7.90000000e-01  2.74259433e-01 
 1.60311640e-07  7.90000000e-01  2.74317238e-01 
 1.61311640e-07  7.90000000e-01  2.74374889e-01 
 1.62311640e-07  7.90000000e-01  2.74432388e-01 
 1.63311640e-07  7.90000000e-01  2.74489731e-01 
 1.64311640e-07  7.90000000e-01  2.74546919e-01 
 1.65311640e-07  7.90000000e-01  2.74603950e-01 
 1.66311640e-07  7.90000000e-01  2.74660824e-01 
 1.67311640e-07  7.90000000e-01  2.74717539e-01 
 1.68311640e-07  7.90000000e-01  2.74774094e-01 
 1.69311640e-07  7.90000000e-01  2.74830489e-01 
 1.70311640e-07  7.90000000e-01  2.74886722e-01 
 1.71311640e-07  7.90000000e-01  2.74942793e-01 
 1.72311640e-07  7.90000000e-01  2.74998701e-01 
 1.73311640e-07  7.90000000e-01  2.75054445e-01 
 1.74311640e-07  7.90000000e-01  2.75110024e-01 
 1.75311640e-07  7.90000000e-01  2.75165436e-01 
 1.76311640e-07  7.90000000e-01  2.75220683e-01 
 1.77311640e-07  7.90000000e-01  2.75275761e-01 
 1.78311640e-07  7.90000000e-01  2.75330672e-01 
 1.79311640e-07  7.90000000e-01  2.75385413e-01 
 1.80311640e-07  7.90000000e-01  2.75439985e-01 
 1.81311640e-07  7.90000000e-01  2.75494386e-01 
 1.82311640e-07  7.90000000e-01  2.75548615e-01 
 1.83311640e-07  7.90000000e-01  2.75602672e-01 
 1.84311640e-07  7.90000000e-01  2.75656557e-01 
 1.85311640e-07  7.90000000e-01  2.75710268e-01 
 1.86311640e-07  7.90000000e-01  2.75763804e-01 
 1.87311640e-07  7.90000000e-01  2.75817166e-01 
 1.88311640e-07  7.90000000e-01  2.75870352e-01 
 1.89311640e-07  7.90000000e-01  2.75923361e-01 
 1.90311640e-07  7.90000000e-01  2.75976193e-01 
 1.91311640e-07  7.90000000e-01  2.76028848e-01 
 1.92311640e-07  7.90000000e-01  2.76081325e-01 
 1.93311640e-07  7.90000000e-01  2.76133622e-01 
 1.94311640e-07  7.90000000e-01  2.76185741e-01 
 1.95311640e-07  7.90000000e-01  2.76237679e-01 
 1.96311640e-07  7.90000000e-01  2.76289436e-01 
 1.97311640e-07  7.90000000e-01  2.76341012e-01 
 1.98311640e-07  7.90000000e-01  2.76392406e-01 
 1.99311640e-07  7.90000000e-01  2.76443618e-01 
 2.00311640e-07  7.90000000e-01  2.76494647e-01 
 2.01311640e-07  7.90000000e-01  2.76545492e-01 
 2.02311640e-07  7.90000000e-01  2.76596154e-01 
 2.03311640e-07  7.90000000e-01  2.76646631e-01 
 2.04311640e-07  7.90000000e-01  2.76696922e-01 
 2.05311640e-07  7.90000000e-01  2.76747029e-01 
 2.06311640e-07  7.90000000e-01  2.76796949e-01 
 2.07311640e-07  7.90000000e-01  2.76846683e-01 
 2.08311640e-07  7.90000000e-01  2.76896231e-01 
 2.09311640e-07  7.90000000e-01  2.76945591e-01 
 2.10311640e-07  7.90000000e-01  2.76994763e-01 
 2.11311640e-07  7.90000000e-01  2.77043747e-01 
 2.12311640e-07  7.90000000e-01  2.77092542e-01 
 2.13311640e-07  7.90000000e-01  2.77141148e-01 
 2.14311640e-07  7.90000000e-01  2.77189565e-01 
 2.15311640e-07  7.90000000e-01  2.77237792e-01 
 2.16311640e-07  7.90000000e-01  2.77285829e-01 
 2.17311640e-07  7.90000000e-01  2.77333675e-01 
 2.18311640e-07  7.90000000e-01  2.77381331e-01 
 2.19311640e-07  7.90000000e-01  2.77428795e-01 
 2.20311640e-07  7.90000000e-01  2.77476068e-01 
 2.21311640e-07  7.90000000e-01  2.77523148e-01 
 2.22311640e-07  7.90000000e-01  2.77570037e-01 
 2.23311640e-07  7.90000000e-01  2.77616733e-01 
 2.24311640e-07  7.90000000e-01  2.77663236e-01 
 2.25311640e-07  7.90000000e-01  2.77709546e-01 
 2.26311640e-07  7.90000000e-01  2.77755662e-01 
 2.27311640e-07  7.90000000e-01  2.77801585e-01 
 2.28311640e-07  7.90000000e-01  2.77847314e-01 
 2.29311640e-07  7.90000000e-01  2.77892848e-01 
 2.30311640e-07  7.90000000e-01  2.77938188e-01 
 2.31311640e-07  7.90000000e-01  2.77983333e-01 
 2.32311640e-07  7.90000000e-01  2.78028284e-01 
 2.33311640e-07  7.90000000e-01  2.78073039e-01 
 2.34311640e-07  7.90000000e-01  2.78117598e-01 
 2.35311640e-07  7.90000000e-01  2.78161962e-01 
 2.36311640e-07  7.90000000e-01  2.78206130e-01 
 2.37311640e-07  7.90000000e-01  2.78250103e-01 
 2.38311640e-07  7.90000000e-01  2.78293878e-01 
 2.39311640e-07  7.90000000e-01  2.78337458e-01 
 2.40311640e-07  7.90000000e-01  2.78380841e-01 
 2.41311640e-07  7.90000000e-01  2.78424027e-01 
 2.42311640e-07  7.90000000e-01  2.78467016e-01 
 2.43311640e-07  7.90000000e-01  2.78509809e-01 
 2.44311640e-07  7.90000000e-01  2.78552404e-01 
 2.45311640e-07  7.90000000e-01  2.78594801e-01 
 2.46311640e-07  7.90000000e-01  2.78637002e-01 
 2.47311640e-07  7.90000000e-01  2.78679004e-01 
 2.48311640e-07  7.90000000e-01  2.78720810e-01 
 2.49311640e-07  7.90000000e-01  2.78762417e-01 
 2.50311640e-07  7.90000000e-01  2.78803826e-01 
 2.51311640e-07  7.90000000e-01  2.78845038e-01 
 2.52311640e-07  7.90000000e-01  2.78886051e-01 
 2.53311640e-07  7.90000000e-01  2.78926866e-01 
 2.54311640e-07  7.90000000e-01  2.78967483e-01 
 2.55311640e-07  7.90000000e-01  2.79007902e-01 
 2.56311640e-07  7.90000000e-01  2.79048122e-01 
 2.57311640e-07  7.90000000e-01  2.79088144e-01 
 2.58311640e-07  7.90000000e-01  2.79127968e-01 
 2.59311640e-07  7.90000000e-01  2.79167593e-01 
 2.60311640e-07  7.90000000e-01  2.79207020e-01 
 2.61311640e-07  7.90000000e-01  2.79246248e-01 
 2.62311640e-07  7.90000000e-01  2.79285277e-01 
 2.63311640e-07  7.90000000e-01  2.79324108e-01 
 2.64311640e-07  7.90000000e-01  2.79362741e-01 
 2.65311640e-07  7.90000000e-01  2.79401175e-01 
 2.66311640e-07  7.90000000e-01  2.79439410e-01 
 2.67311640e-07  7.90000000e-01  2.79477447e-01 
 2.68311640e-07  7.90000000e-01  2.79515285e-01 
 2.69311640e-07  7.90000000e-01  2.79552925e-01 
 2.70311640e-07  7.90000000e-01  2.79590367e-01 
 2.71311640e-07  7.90000000e-01  2.79627609e-01 
 2.72311640e-07  7.90000000e-01  2.79664654e-01 
 2.73311640e-07  7.90000000e-01  2.79701500e-01 
 2.74311640e-07  7.90000000e-01  2.79738148e-01 
 2.75311640e-07  7.90000000e-01  2.79774598e-01 
 2.76311640e-07  7.90000000e-01  2.79810849e-01 
 2.77311640e-07  7.90000000e-01  2.79846903e-01 
 2.78311640e-07  7.90000000e-01  2.79882758e-01 
 2.79311640e-07  7.90000000e-01  2.79918416e-01 
 2.80311640e-07  7.90000000e-01  2.79953875e-01 
 2.81311640e-07  7.90000000e-01  2.79989137e-01 
 2.82311640e-07  7.90000000e-01  2.80024202e-01 
 2.83311640e-07  7.90000000e-01  2.80059068e-01 
 2.84311640e-07  7.90000000e-01  2.80093737e-01 
 2.85311640e-07  7.90000000e-01  2.80128209e-01 
 2.86311640e-07  7.90000000e-01  2.80162484e-01 
 2.87311640e-07  7.90000000e-01  2.80196561e-01 
 2.88311640e-07  7.90000000e-01  2.80230442e-01 
 2.89311640e-07  7.90000000e-01  2.80264126e-01 
 2.90311640e-07  7.90000000e-01  2.80297613e-01 
 2.91311640e-07  7.90000000e-01  2.80330903e-01 
 2.92311640e-07  7.90000000e-01  2.80363997e-01 
 2.93311640e-07  7.90000000e-01  2.80396895e-01 
 2.94311640e-07  7.90000000e-01  2.80429597e-01 
 2.95311640e-07  7.90000000e-01  2.80462103e-01 
 2.96311640e-07  7.90000000e-01  2.80494413e-01 
 2.97311640e-07  7.90000000e-01  2.80526527e-01 
 2.98311640e-07  7.90000000e-01  2.80558446e-01 
 2.99311640e-07  7.90000000e-01  2.80590170e-01 
 3.00311640e-07  7.90000000e-01  2.80621699e-01 
 3.01311640e-07  7.90000000e-01  2.80653033e-01 
 3.02311640e-07  7.90000000e-01  2.80684172e-01 
 3.03311640e-07  7.90000000e-01  2.80715117e-01 
 3.04311640e-07  7.90000000e-01  2.80745867e-01 
 3.05311640e-07  7.90000000e-01  2.80776423e-01 
 3.06311640e-07  7.90000000e-01  2.80806786e-01 
 3.07311640e-07  7.90000000e-01  2.80836955e-01 
 3.08311640e-07  7.90000000e-01  2.80866930e-01 
 3.09311640e-07  7.90000000e-01  2.80896713e-01 
 3.10311640e-07  7.90000000e-01  2.80926302e-01 
 3.11311640e-07  7.90000000e-01  2.80955699e-01 
 3.12311640e-07  7.90000000e-01  2.80984903e-01 
 3.13311640e-07  7.90000000e-01  2.81013914e-01 
 3.14311640e-07  7.90000000e-01  2.81042734e-01 
 3.15311640e-07  7.90000000e-01  2.81071362e-01 
 3.16311640e-07  7.90000000e-01  2.81099799e-01 
 3.17311640e-07  7.90000000e-01  2.81128044e-01 
 3.18311640e-07  7.90000000e-01  2.81156099e-01 
 3.19311640e-07  7.90000000e-01  2.81183962e-01 
 3.20311640e-07  7.90000000e-01  2.81211635e-01 
 3.21311640e-07  7.90000000e-01  2.81239118e-01 
 3.22311640e-07  7.90000000e-01  2.81266411e-01 
 3.23311640e-07  7.90000000e-01  2.81293515e-01 
 3.24311640e-07  7.90000000e-01  2.81320429e-01 
 3.25311640e-07  7.90000000e-01  2.81347154e-01 
 3.26311640e-07  7.90000000e-01  2.81373690e-01 
 3.27311640e-07  7.90000000e-01  2.81400038e-01 
 3.28311640e-07  7.90000000e-01  2.81426197e-01 
 3.29311640e-07  7.90000000e-01  2.81452169e-01 
 3.30311640e-07  7.90000000e-01  2.81477953e-01 
 3.31311640e-07  7.90000000e-01  2.81503550e-01 
 3.32311640e-07  7.90000000e-01  2.81528960e-01 
 3.33311640e-07  7.90000000e-01  2.81554183e-01 
 3.34311640e-07  7.90000000e-01  2.81579220e-01 
 3.35311640e-07  7.90000000e-01  2.81604071e-01 
 3.36311640e-07  7.90000000e-01  2.81628736e-01 
 3.37311640e-07  7.90000000e-01  2.81653216e-01 
 3.38311640e-07  7.90000000e-01  2.81677511e-01 
 3.39311640e-07  7.90000000e-01  2.81701621e-01 
 3.40311640e-07  7.90000000e-01  2.81725547e-01 
 3.41311640e-07  7.90000000e-01  2.81749289e-01 
 3.42311640e-07  7.90000000e-01  2.81772847e-01 
 3.43311640e-07  7.90000000e-01  2.81796222e-01 
 3.44311640e-07  7.90000000e-01  2.81819414e-01 
 3.45311640e-07  7.90000000e-01  2.81842423e-01 
 3.46311640e-07  7.90000000e-01  2.81865250e-01 
 3.47311640e-07  7.90000000e-01  2.81887896e-01 
 3.48311640e-07  7.90000000e-01  2.81910359e-01 
 3.49311640e-07  7.90000000e-01  2.81932642e-01 
 3.50311640e-07  7.90000000e-01  2.81954744e-01 
 3.51311640e-07  7.90000000e-01  2.81976665e-01 
 3.52311640e-07  7.90000000e-01  2.81998406e-01 
 3.53311640e-07  7.90000000e-01  2.82019968e-01 
 3.54311640e-07  7.90000000e-01  2.82041350e-01 
 3.55311640e-07  7.90000000e-01  2.82062553e-01 
 3.56311640e-07  7.90000000e-01  2.82083578e-01 
 3.57311640e-07  7.90000000e-01  2.82104425e-01 
 3.58311640e-07  7.90000000e-01  2.82125094e-01 
 3.59311640e-07  7.90000000e-01  2.82145585e-01 
 3.60311640e-07  7.90000000e-01  2.82165900e-01 
 3.61311640e-07  7.90000000e-01  2.82186038e-01 
 3.62311640e-07  7.90000000e-01  2.82206000e-01 
 3.63311640e-07  7.90000000e-01  2.82225786e-01 
 3.64311640e-07  7.90000000e-01  2.82245397e-01 
 3.65311640e-07  7.90000000e-01  2.82264833e-01 
 3.66311640e-07  7.90000000e-01  2.82284095e-01 
 3.67311640e-07  7.90000000e-01  2.82303182e-01 
 3.68311640e-07  7.90000000e-01  2.82322096e-01 
 3.69311640e-07  7.90000000e-01  2.82340836e-01 
 3.70311640e-07  7.90000000e-01  2.82359403e-01 
 3.71311640e-07  7.90000000e-01  2.82377799e-01 
 3.72311640e-07  7.90000000e-01  2.82396022e-01 
 3.73311640e-07  7.90000000e-01  2.82414073e-01 
 3.74311640e-07  7.90000000e-01  2.82431953e-01 
 3.75311640e-07  7.90000000e-01  2.82449663e-01 
 3.76311640e-07  7.90000000e-01  2.82467203e-01 
 3.77311640e-07  7.90000000e-01  2.82484572e-01 
 3.78311640e-07  7.90000000e-01  2.82501772e-01 
 3.79311640e-07  7.90000000e-01  2.82518804e-01 
 3.80311640e-07  7.90000000e-01  2.82535666e-01 
 3.81311640e-07  7.90000000e-01  2.82552361e-01 
 3.82311640e-07  7.90000000e-01  2.82568888e-01 
 3.83311640e-07  7.90000000e-01  2.82585248e-01 
 3.84311640e-07  7.90000000e-01  2.82601441e-01 
 3.85311640e-07  7.90000000e-01  2.82617468e-01 
 3.86311640e-07  7.90000000e-01  2.82633330e-01 
 3.87311640e-07  7.90000000e-01  2.82649025e-01 
 3.88311640e-07  7.90000000e-01  2.82664556e-01 
 3.89311640e-07  7.90000000e-01  2.82679923e-01 
 3.90311640e-07  7.90000000e-01  2.82695126e-01 
 3.91311640e-07  7.90000000e-01  2.82710165e-01 
 3.92311640e-07  7.90000000e-01  2.82725041e-01 
 3.93311640e-07  7.90000000e-01  2.82739755e-01 
 3.94311640e-07  7.90000000e-01  2.82754307e-01 
 3.95311640e-07  7.90000000e-01  2.82768697e-01 
 3.96311640e-07  7.90000000e-01  2.82782926e-01 
 3.97311640e-07  7.90000000e-01  2.82796994e-01 
 3.98311640e-07  7.90000000e-01  2.82810903e-01 
 3.99311640e-07  7.90000000e-01  2.82824651e-01 
 4.00311640e-07  7.90000000e-01  2.82838241e-01 
 4.01311640e-07  7.90000000e-01  2.82851672e-01 
 4.02311640e-07  7.90000000e-01  2.82864944e-01 
 4.03311640e-07  7.90000000e-01  2.82878059e-01 
 4.04311640e-07  7.90000000e-01  2.82891017e-01 
 4.05311640e-07  7.90000000e-01  2.82903818e-01 
 4.06311640e-07  7.90000000e-01  2.82916463e-01 
 4.07311640e-07  7.90000000e-01  2.82928952e-01 
 4.08311640e-07  7.90000000e-01  2.82941286e-01 
 4.09311640e-07  7.90000000e-01  2.82953465e-01 
 4.10311640e-07  7.90000000e-01  2.82965490e-01 
 4.11311640e-07  7.90000000e-01  2.82977361e-01 
 4.12311640e-07  7.90000000e-01  2.82989079e-01 
 4.13311640e-07  7.90000000e-01  2.83000644e-01 
 4.14311640e-07  7.90000000e-01  2.83012057e-01 
 4.15311640e-07  7.90000000e-01  2.83023319e-01 
 4.16311640e-07  7.90000000e-01  2.83034429e-01 
 4.17311640e-07  7.90000000e-01  2.83045389e-01 
 4.18311640e-07  7.90000000e-01  2.83056198e-01 
 4.19311640e-07  7.90000000e-01  2.83066858e-01 
 4.20311640e-07  7.90000000e-01  2.83077369e-01 
 4.21311640e-07  7.90000000e-01  2.83087731e-01 
 4.22311640e-07  7.90000000e-01  2.83097945e-01 
 4.23311640e-07  7.90000000e-01  2.83108011e-01 
 4.24311640e-07  7.90000000e-01  2.83117931e-01 
 4.25311640e-07  7.90000000e-01  2.83127704e-01 
 4.26311640e-07  7.90000000e-01  2.83137331e-01 
 4.27311640e-07  7.90000000e-01  2.83146813e-01 
 4.28311640e-07  7.90000000e-01  2.83156149e-01 
 4.29311640e-07  7.90000000e-01  2.83165342e-01 
 4.30311640e-07  7.90000000e-01  2.83174390e-01 
 4.31311640e-07  7.90000000e-01  2.83183295e-01 
 4.32311640e-07  7.90000000e-01  2.83192058e-01 
 4.33311640e-07  7.90000000e-01  2.83200678e-01 
 4.34311640e-07  7.90000000e-01  2.83209156e-01 
 4.35311640e-07  7.90000000e-01  2.83217493e-01 
 4.36311640e-07  7.90000000e-01  2.83225690e-01 
 4.37311640e-07  7.90000000e-01  2.83233746e-01 
 4.38311640e-07  7.90000000e-01  2.83241663e-01 
 4.39311640e-07  7.90000000e-01  2.83249441e-01 
 4.40311640e-07  7.90000000e-01  2.83257080e-01 
 4.41311640e-07  7.90000000e-01  2.83264582e-01 
 4.42311640e-07  7.90000000e-01  2.83271946e-01 
 4.43311640e-07  7.90000000e-01  2.83279173e-01 
 4.44311640e-07  7.90000000e-01  2.83286264e-01 
 4.45311640e-07  7.90000000e-01  2.83293219e-01 
 4.46311640e-07  7.90000000e-01  2.83300039e-01 
 4.47311640e-07  7.90000000e-01  2.83306724e-01 
 4.48311640e-07  7.90000000e-01  2.83313275e-01 
 4.49311640e-07  7.90000000e-01  2.83319693e-01 
 4.50311640e-07  7.90000000e-01  2.83325978e-01 
 4.51311640e-07  7.90000000e-01  2.83332130e-01 
 4.52311640e-07  7.90000000e-01  2.83338150e-01 
 4.53311640e-07  7.90000000e-01  2.83344039e-01 
 4.54311640e-07  7.90000000e-01  2.83349797e-01 
 4.55311640e-07  7.90000000e-01  2.83355425e-01 
 4.56311640e-07  7.90000000e-01  2.83360924e-01 
 4.57311640e-07  7.90000000e-01  2.83366293e-01 
 4.58311640e-07  7.90000000e-01  2.83371534e-01 
 4.59311640e-07  7.90000000e-01  2.83376646e-01 
 4.60311640e-07  7.90000000e-01  2.83381632e-01 
 4.61311640e-07  7.90000000e-01  2.83386490e-01 
 4.62311640e-07  7.90000000e-01  2.83391222e-01 
 4.63311640e-07  7.90000000e-01  2.83395828e-01 
 4.64311640e-07  7.90000000e-01  2.83400310e-01 
 4.65311640e-07  7.90000000e-01  2.83404666e-01 
 4.66311640e-07  7.90000000e-01  2.83408899e-01 
 4.67311640e-07  7.90000000e-01  2.83413008e-01 
 4.68311640e-07  7.90000000e-01  2.83416994e-01 
 4.69311640e-07  7.90000000e-01  2.83420858e-01 
 4.70311640e-07  7.90000000e-01  2.83424600e-01 
 4.71311640e-07  7.90000000e-01  2.83428221e-01 
 4.72311640e-07  7.90000000e-01  2.83431721e-01 
 4.73311640e-07  7.90000000e-01  2.83435101e-01 
 4.74311640e-07  7.90000000e-01  2.83438362e-01 
 4.75311640e-07  7.90000000e-01  2.83441504e-01 
 4.76311640e-07  7.90000000e-01  2.83444527e-01 
 4.77311640e-07  7.90000000e-01  2.83447433e-01 
 4.78311640e-07  7.90000000e-01  2.83450221e-01 
 4.79311640e-07  7.90000000e-01  2.83452893e-01 
 4.80311640e-07  7.90000000e-01  2.83455448e-01 
 4.81311640e-07  7.90000000e-01  2.83457889e-01 
 4.82311640e-07  7.90000000e-01  2.83460214e-01 
 4.83311640e-07  7.90000000e-01  2.83462425e-01 
 4.84311640e-07  7.90000000e-01  2.83464522e-01 
 4.85311640e-07  7.90000000e-01  2.83466506e-01 
 4.86311640e-07  7.90000000e-01  2.83468377e-01 
 4.87311640e-07  7.90000000e-01  2.83470137e-01 
 4.88311640e-07  7.90000000e-01  2.83471785e-01 
 4.89311640e-07  7.90000000e-01  2.83473322e-01 
 4.90311640e-07  7.90000000e-01  2.83474748e-01 
 4.91311640e-07  7.90000000e-01  2.83476065e-01 
 4.92311640e-07  7.90000000e-01  2.83477273e-01 
 4.93311640e-07  7.90000000e-01  2.83478372e-01 
 4.94311640e-07  7.90000000e-01  2.83479363e-01 
 4.95311640e-07  7.90000000e-01  2.83480247e-01 
 4.96311640e-07  7.90000000e-01  2.83481024e-01 
 4.97311640e-07  7.90000000e-01  2.83481695e-01 
 4.98311640e-07  7.90000000e-01  2.83482260e-01 
 4.99311640e-07  7.90000000e-01  2.83482719e-01 
 5.00311640e-07  7.90000000e-01  2.83483075e-01 
 5.01311640e-07  7.90000000e-01  2.83483326e-01 
 5.02311640e-07  7.90000000e-01  2.83483474e-01 
 5.03311640e-07  7.90000000e-01  2.83483519e-01 
 5.04311640e-07  7.90000000e-01  2.83483462e-01 
 5.05311640e-07  7.90000000e-01  2.83483304e-01 
 5.06311640e-07  7.90000000e-01  2.83483044e-01 
 5.07311640e-07  7.90000000e-01  2.83482684e-01 
 5.08311640e-07  7.90000000e-01  2.83482224e-01 
 5.09311640e-07  7.90000000e-01  2.83481664e-01 
 5.10311640e-07  7.90000000e-01  2.83481006e-01 
 5.11311640e-07  7.90000000e-01  2.83480250e-01 
 5.12311640e-07  7.90000000e-01  2.83479396e-01 
 5.13311640e-07  7.90000000e-01  2.83478445e-01 
 5.14311640e-07  7.90000000e-01  2.83477398e-01 
 5.15311640e-07  7.90000000e-01  2.83476255e-01 
 5.16311640e-07  7.90000000e-01  2.83475016e-01 
 5.17311640e-07  7.90000000e-01  2.83473683e-01 
 5.18311640e-07  7.90000000e-01  2.83472256e-01 
 5.19311640e-07  7.90000000e-01  2.83470735e-01 
 5.20311640e-07  7.90000000e-01  2.83469122e-01 
 5.21311640e-07  7.90000000e-01  2.83467416e-01 
 5.22311640e-07  7.90000000e-01  2.83465618e-01 
 5.23311640e-07  7.90000000e-01  2.83463729e-01 
 5.24311640e-07  7.90000000e-01  2.83461749e-01 
 5.25311640e-07  7.90000000e-01  2.83459680e-01 
 5.26311640e-07  7.90000000e-01  2.83457521e-01 
 5.27311640e-07  7.90000000e-01  2.83455273e-01 
 5.28311640e-07  7.90000000e-01  2.83452936e-01 
 5.29311640e-07  7.90000000e-01  2.83450512e-01 
 5.30311640e-07  7.90000000e-01  2.83448001e-01 
 5.31311640e-07  7.90000000e-01  2.83445403e-01 
 5.32311640e-07  7.90000000e-01  2.83442719e-01 
 5.33311640e-07  7.90000000e-01  2.83439950e-01 
 5.34311640e-07  7.90000000e-01  2.83437096e-01 
 5.35311640e-07  7.90000000e-01  2.83434157e-01 
 5.36311640e-07  7.90000000e-01  2.83431135e-01 
 5.37311640e-07  7.90000000e-01  2.83428030e-01 
 5.38311640e-07  7.90000000e-01  2.83424842e-01 
 5.39311640e-07  7.90000000e-01  2.83421572e-01 
 5.40311640e-07  7.90000000e-01  2.83418221e-01 
 5.41311640e-07  7.90000000e-01  2.83414789e-01 
 5.42311640e-07  7.90000000e-01  2.83411276e-01 
 5.43311640e-07  7.90000000e-01  2.83407684e-01 
 5.44311640e-07  7.90000000e-01  2.83404013e-01 
 5.45311640e-07  7.90000000e-01  2.83400263e-01 
 5.46311640e-07  7.90000000e-01  2.83396436e-01 
 5.47311640e-07  7.90000000e-01  2.83392531e-01 
 5.48311640e-07  7.90000000e-01  2.83388549e-01 
 5.49311640e-07  7.90000000e-01  2.83384490e-01 
 5.50311640e-07  7.90000000e-01  2.83380356e-01 
 5.51311640e-07  7.90000000e-01  2.83376147e-01 
 5.52311640e-07  7.90000000e-01  2.83371863e-01 
 5.53311640e-07  7.90000000e-01  2.83367506e-01 
 5.54311640e-07  7.90000000e-01  2.83363075e-01 
 5.55311640e-07  7.90000000e-01  2.83358571e-01 
 5.56311640e-07  7.90000000e-01  2.83353994e-01 
 5.57311640e-07  7.90000000e-01  2.83349346e-01 
 5.58311640e-07  7.90000000e-01  2.83344627e-01 
 5.59311640e-07  7.90000000e-01  2.83339837e-01 
 5.60311640e-07  7.90000000e-01  2.83334977e-01 
 5.61311640e-07  7.90000000e-01  2.83330048e-01 
 5.62311640e-07  7.90000000e-01  2.83325049e-01 
 5.63311640e-07  7.90000000e-01  2.83319983e-01 
 5.64311640e-07  7.90000000e-01  2.83314848e-01 
 5.65311640e-07  7.90000000e-01  2.83309646e-01 
 5.66311640e-07  7.90000000e-01  2.83304378e-01 
 5.67311640e-07  7.90000000e-01  2.83299043e-01 
 5.68311640e-07  7.90000000e-01  2.83293643e-01 
 5.69311640e-07  7.90000000e-01  2.83288177e-01 
 5.70311640e-07  7.90000000e-01  2.83282648e-01 
 5.71311640e-07  7.90000000e-01  2.83277054e-01 
 5.72311640e-07  7.90000000e-01  2.83271397e-01 
 5.73311640e-07  7.90000000e-01  2.83265677e-01 
 5.74311640e-07  7.90000000e-01  2.83259895e-01 
 5.75311640e-07  7.90000000e-01  2.83254051e-01 
 5.76311640e-07  7.90000000e-01  2.83248146e-01 
 5.77311640e-07  7.90000000e-01  2.83242180e-01 
 5.78311640e-07  7.90000000e-01  2.83236154e-01 
 5.79311640e-07  7.90000000e-01  2.83230069e-01 
 5.80311640e-07  7.90000000e-01  2.83223925e-01 
 5.81311640e-07  7.90000000e-01  2.83217722e-01 
 5.82311640e-07  7.90000000e-01  2.83211462e-01 
 5.83311640e-07  7.90000000e-01  2.83205144e-01 
 5.84311640e-07  7.90000000e-01  2.83198769e-01 
 5.85311640e-07  7.90000000e-01  2.83192338e-01 
 5.86311640e-07  7.90000000e-01  2.83185851e-01 
 5.87311640e-07  7.90000000e-01  2.83179309e-01 
 5.88311640e-07  7.90000000e-01  2.83172713e-01 
 5.89311640e-07  7.90000000e-01  2.83166062e-01 
 5.90311640e-07  7.90000000e-01  2.83159358e-01 
 5.91311640e-07  7.90000000e-01  2.83152601e-01 
 5.92311640e-07  7.90000000e-01  2.83145791e-01 
 5.93311640e-07  7.90000000e-01  2.83138929e-01 
 5.94311640e-07  7.90000000e-01  2.83132016e-01 
 5.95311640e-07  7.90000000e-01  2.83125052e-01 
 5.96311640e-07  7.90000000e-01  2.83118038e-01 
 5.97311640e-07  7.90000000e-01  2.83110973e-01 
 5.98311640e-07  7.90000000e-01  2.83103860e-01 
 5.99311640e-07  7.90000000e-01  2.83096697e-01 
 6.00311640e-07  7.90000000e-01  2.83089487e-01 
 6.01311640e-07  7.90000000e-01  2.83082228e-01 
 6.02311640e-07  7.90000000e-01  2.83074923e-01 
 6.03311640e-07  7.90000000e-01  2.83067570e-01 
 6.04311640e-07  7.90000000e-01  2.83060172e-01 
 6.05311640e-07  7.90000000e-01  2.83052727e-01 
 6.06311640e-07  7.90000000e-01  2.83045238e-01 
 6.07311640e-07  7.90000000e-01  2.83037704e-01 
 6.08311640e-07  7.90000000e-01  2.83030126e-01 
 6.09311640e-07  7.90000000e-01  2.83022504e-01 
 6.10311640e-07  7.90000000e-01  2.83014840e-01 
 6.11311640e-07  7.90000000e-01  2.83007132e-01 
 6.12311640e-07  7.90000000e-01  2.82999383e-01 
 6.13311640e-07  7.90000000e-01  2.82991592e-01 
 6.14311640e-07  7.90000000e-01  2.82983760e-01 
 6.15311640e-07  7.90000000e-01  2.82975887e-01 
 6.16311640e-07  7.90000000e-01  2.82967975e-01 
 6.17311640e-07  7.90000000e-01  2.82960022e-01 
 6.18311640e-07  7.90000000e-01  2.82952031e-01 
 6.19311640e-07  7.90000000e-01  2.82944002e-01 
 6.20311640e-07  7.90000000e-01  2.82935934e-01 
 6.21311640e-07  7.90000000e-01  2.82927829e-01 
 6.22311640e-07  7.90000000e-01  2.82919686e-01 
 6.23311640e-07  7.90000000e-01  2.82911508e-01 
 6.24311640e-07  7.90000000e-01  2.82903293e-01 
 6.25311640e-07  7.90000000e-01  2.82895042e-01 
 6.26311640e-07  7.90000000e-01  2.82886757e-01 
 6.27311640e-07  7.90000000e-01  2.82878437e-01 
 6.28311640e-07  7.90000000e-01  2.82870083e-01 
 6.29311640e-07  7.90000000e-01  2.82861695e-01 
 6.30311640e-07  7.90000000e-01  2.82853274e-01 
 6.31311640e-07  7.90000000e-01  2.82844821e-01 
 6.32311640e-07  7.90000000e-01  2.82836335e-01 
 6.33311640e-07  7.90000000e-01  2.82827818e-01 
 6.34311640e-07  7.90000000e-01  2.82819269e-01 
 6.35311640e-07  7.90000000e-01  2.82810690e-01 
 6.36311640e-07  7.90000000e-01  2.82802081e-01 
 6.37311640e-07  7.90000000e-01  2.82793442e-01 
 6.38311640e-07  7.90000000e-01  2.82784773e-01 
 6.39311640e-07  7.90000000e-01  2.82776076e-01 
 6.40311640e-07  7.90000000e-01  2.82767351e-01 
 6.41311640e-07  7.90000000e-01  2.82758597e-01 
 6.42311640e-07  7.90000000e-01  2.82749817e-01 
 6.43311640e-07  7.90000000e-01  2.82741009e-01 
 6.44311640e-07  7.90000000e-01  2.82732175e-01 
 6.45311640e-07  7.90000000e-01  2.82723315e-01 
 6.46311640e-07  7.90000000e-01  2.82714429e-01 
 6.47311640e-07  7.90000000e-01  2.82705518e-01 
 6.48311640e-07  7.90000000e-01  2.82696583e-01 
 6.49311640e-07  7.90000000e-01  2.82687623e-01 
 6.50311640e-07  7.90000000e-01  2.82678640e-01 
 6.51311640e-07  7.90000000e-01  2.82669634e-01 
 6.52311640e-07  7.90000000e-01  2.82660604e-01 
 6.53311640e-07  7.90000000e-01  2.82651553e-01 
 6.54311640e-07  7.90000000e-01  2.82642479e-01 
 6.55311640e-07  7.90000000e-01  2.82633384e-01 
 6.56311640e-07  7.90000000e-01  2.82624268e-01 
 6.57311640e-07  7.90000000e-01  2.82615132e-01 
 6.58311640e-07  7.90000000e-01  2.82605975e-01 
 6.59311640e-07  7.90000000e-01  2.82596799e-01 
 6.60311640e-07  7.90000000e-01  2.82587603e-01 
 6.61311640e-07  7.90000000e-01  2.82578388e-01 
 6.62311640e-07  7.90000000e-01  2.82569156e-01 
 6.63311640e-07  7.90000000e-01  2.82559905e-01 
 6.64311640e-07  7.90000000e-01  2.82550637e-01 
 6.65311640e-07  7.90000000e-01  2.82541351e-01 
 6.66311640e-07  7.90000000e-01  2.82532049e-01 
 6.67311640e-07  7.90000000e-01  2.82522731e-01 
 6.68311640e-07  7.90000000e-01  2.82513397e-01 
 6.69311640e-07  7.90000000e-01  2.82504048e-01 
 6.70311640e-07  7.90000000e-01  2.82494683e-01 
 6.71311640e-07  7.90000000e-01  2.82485304e-01 
 6.72311640e-07  7.90000000e-01  2.82475911e-01 
 6.73311640e-07  7.90000000e-01  2.82466505e-01 
 6.74311640e-07  7.90000000e-01  2.82457085e-01 
 6.75311640e-07  7.90000000e-01  2.82447652e-01 
 6.76311640e-07  7.90000000e-01  2.82438206e-01 
 6.77311640e-07  7.90000000e-01  2.82428749e-01 
 6.78311640e-07  7.90000000e-01  2.82419280e-01 
 6.79311640e-07  7.90000000e-01  2.82409800e-01 
 6.80311640e-07  7.90000000e-01  2.82400309e-01 
 6.81311640e-07  7.90000000e-01  2.82390807e-01 
 6.82311640e-07  7.90000000e-01  2.82381295e-01 
 6.83311640e-07  7.90000000e-01  2.82371774e-01 
 6.84311640e-07  7.90000000e-01  2.82362244e-01 
 6.85311640e-07  7.90000000e-01  2.82352704e-01 
 6.86311640e-07  7.90000000e-01  2.82343157e-01 
 6.87311640e-07  7.90000000e-01  2.82333601e-01 
 6.88311640e-07  7.90000000e-01  2.82324037e-01 
 6.89311640e-07  7.90000000e-01  2.82314466e-01 
 6.90311640e-07  7.90000000e-01  2.82304889e-01 
 6.91311640e-07  7.90000000e-01  2.82295304e-01 
 6.92311640e-07  7.90000000e-01  2.82285714e-01 
 6.93311640e-07  7.90000000e-01  2.82276118e-01 
 6.94311640e-07  7.90000000e-01  2.82266517e-01 
 6.95311640e-07  7.90000000e-01  2.82256910e-01 
 6.96311640e-07  7.90000000e-01  2.82247299e-01 
 6.97311640e-07  7.90000000e-01  2.82237684e-01 
 6.98311640e-07  7.90000000e-01  2.82228064e-01 
 6.99311640e-07  7.90000000e-01  2.82218441e-01 
 7.00311640e-07  7.90000000e-01  2.82208816e-01 
 7.01311640e-07  7.90000000e-01  2.82199187e-01 
 7.02311640e-07  7.90000000e-01  2.82189556e-01 
 7.03311640e-07  7.90000000e-01  2.82179922e-01 
 7.04311640e-07  7.90000000e-01  2.82170287e-01 
 7.05311640e-07  7.90000000e-01  2.82160651e-01 
 7.06311640e-07  7.90000000e-01  2.82151014e-01 
 7.07311640e-07  7.90000000e-01  2.82141376e-01 
 7.08311640e-07  7.90000000e-01  2.82131738e-01 
 7.09311640e-07  7.90000000e-01  2.82122100e-01 
 7.10311640e-07  7.90000000e-01  2.82112462e-01 
 7.11311640e-07  7.90000000e-01  2.82102825e-01 
 7.12311640e-07  7.90000000e-01  2.82093189e-01 
 7.13311640e-07  7.90000000e-01  2.82083555e-01 
 7.14311640e-07  7.90000000e-01  2.82073922e-01 
 7.15311640e-07  7.90000000e-01  2.82064292e-01 
 7.16311640e-07  7.90000000e-01  2.82054664e-01 
 7.17311640e-07  7.90000000e-01  2.82045038e-01 
 7.18311640e-07  7.90000000e-01  2.82035416e-01 
 7.19311640e-07  7.90000000e-01  2.82025797e-01 
 7.20311640e-07  7.90000000e-01  2.82016183e-01 
 7.21311640e-07  7.90000000e-01  2.82006572e-01 
 7.22311640e-07  7.90000000e-01  2.81996965e-01 
 7.23311640e-07  7.90000000e-01  2.81987364e-01 
 7.24311640e-07  7.90000000e-01  2.81977767e-01 
 7.25311640e-07  7.90000000e-01  2.81968176e-01 
 7.26311640e-07  7.90000000e-01  2.81958590e-01 
 7.27311640e-07  7.90000000e-01  2.81949011e-01 
 7.28311640e-07  7.90000000e-01  2.81939438e-01 
 7.29311640e-07  7.90000000e-01  2.81929871e-01 
 7.30311640e-07  7.90000000e-01  2.81920312e-01 
 7.31311640e-07  7.90000000e-01  2.81910760e-01 
 7.32311640e-07  7.90000000e-01  2.81901215e-01 
 7.33311640e-07  7.90000000e-01  2.81891678e-01 
 7.34311640e-07  7.90000000e-01  2.81882149e-01 
 7.35311640e-07  7.90000000e-01  2.81872629e-01 
 7.36311640e-07  7.90000000e-01  2.81863118e-01 
 7.37311640e-07  7.90000000e-01  2.81853615e-01 
 7.38311640e-07  7.90000000e-01  2.81844122e-01 
 7.39311640e-07  7.90000000e-01  2.81834639e-01 
 7.40311640e-07  7.90000000e-01  2.81825165e-01 
 7.41311640e-07  7.90000000e-01  2.81815702e-01 
 7.42311640e-07  7.90000000e-01  2.81806249e-01 
 7.43311640e-07  7.90000000e-01  2.81796807e-01 
 7.44311640e-07  7.90000000e-01  2.81787376e-01 
 7.45311640e-07  7.90000000e-01  2.81777957e-01 
 7.46311640e-07  7.90000000e-01  2.81768549e-01 
 7.47311640e-07  7.90000000e-01  2.81759153e-01 
 7.48311640e-07  7.90000000e-01  2.81749769e-01 
 7.49311640e-07  7.90000000e-01  2.81740397e-01 
 7.50311640e-07  7.90000000e-01  2.81731039e-01 
 7.51311640e-07  7.90000000e-01  2.81721693e-01 
 7.52311640e-07  7.90000000e-01  2.81712360e-01 
 7.53311640e-07  7.90000000e-01  2.81703041e-01 
 7.54311640e-07  7.90000000e-01  2.81693736e-01 
 7.55311640e-07  7.90000000e-01  2.81684445e-01 
 7.56311640e-07  7.90000000e-01  2.81675168e-01 
 7.57311640e-07  7.90000000e-01  2.81665906e-01 
 7.58311640e-07  7.90000000e-01  2.81656658e-01 
 7.59311640e-07  7.90000000e-01  2.81647425e-01 
 7.60311640e-07  7.90000000e-01  2.81638208e-01 
 7.61311640e-07  7.90000000e-01  2.81629006e-01 
 7.62311640e-07  7.90000000e-01  2.81619820e-01 
 7.63311640e-07  7.90000000e-01  2.81610650e-01 
 7.64311640e-07  7.90000000e-01  2.81601497e-01 
 7.65311640e-07  7.90000000e-01  2.81592360e-01 
 7.66311640e-07  7.90000000e-01  2.81583239e-01 
 7.67311640e-07  7.90000000e-01  2.81574136e-01 
 7.68311640e-07  7.90000000e-01  2.81565050e-01 
 7.69311640e-07  7.90000000e-01  2.81555981e-01 
 7.70311640e-07  7.90000000e-01  2.81546930e-01 
 7.71311640e-07  7.90000000e-01  2.81537896e-01 
 7.72311640e-07  7.90000000e-01  2.81528881e-01 
 7.73311640e-07  7.90000000e-01  2.81519885e-01 
 7.74311640e-07  7.90000000e-01  2.81510907e-01 
 7.75311640e-07  7.90000000e-01  2.81501947e-01 
 7.76311640e-07  7.90000000e-01  2.81493007e-01 
 7.77311640e-07  7.90000000e-01  2.81484086e-01 
 7.78311640e-07  7.90000000e-01  2.81475184e-01 
 7.79311640e-07  7.90000000e-01  2.81466302e-01 
 7.80311640e-07  7.90000000e-01  2.81457440e-01 
 7.81311640e-07  7.90000000e-01  2.81448598e-01 
 7.82311640e-07  7.90000000e-01  2.81439776e-01 
 7.83311640e-07  7.90000000e-01  2.81430975e-01 
 7.84311640e-07  7.90000000e-01  2.81422194e-01 
 7.85311640e-07  7.90000000e-01  2.81413435e-01 
 7.86311640e-07  7.90000000e-01  2.81404696e-01 
 7.87311640e-07  7.90000000e-01  2.81395979e-01 
 7.88311640e-07  7.90000000e-01  2.81387283e-01 
 7.89311640e-07  7.90000000e-01  2.81378609e-01 
 7.90311640e-07  7.90000000e-01  2.81369956e-01 
 7.91311640e-07  7.90000000e-01  2.81361326e-01 
 7.92311640e-07  7.90000000e-01  2.81352718e-01 
 7.93311640e-07  7.90000000e-01  2.81344132e-01 
 7.94311640e-07  7.90000000e-01  2.81335569e-01 
 7.95311640e-07  7.90000000e-01  2.81327029e-01 
 7.96311640e-07  7.90000000e-01  2.81318512e-01 
 7.97311640e-07  7.90000000e-01  2.81310018e-01 
 7.98311640e-07  7.90000000e-01  2.81301547e-01 
 7.99311640e-07  7.90000000e-01  2.81293100e-01 
 8.00311640e-07  7.90000000e-01  2.81284676e-01 
 8.01311640e-07  7.90000000e-01  2.81276276e-01 
 8.02311640e-07  7.90000000e-01  2.81267901e-01 
 8.03311640e-07  7.90000000e-01  2.81259549e-01 
 8.04311640e-07  7.90000000e-01  2.81251222e-01 
 8.05311640e-07  7.90000000e-01  2.81242919e-01 
 8.06311640e-07  7.90000000e-01  2.81234641e-01 
 8.07311640e-07  7.90000000e-01  2.81226388e-01 
 8.08311640e-07  7.90000000e-01  2.81218160e-01 
 8.09311640e-07  7.90000000e-01  2.81209957e-01 
 8.10311640e-07  7.90000000e-01  2.81201779e-01 
 8.11311640e-07  7.90000000e-01  2.81193626e-01 
 8.12311640e-07  7.90000000e-01  2.81185499e-01 
 8.13311640e-07  7.90000000e-01  2.81177398e-01 
 8.14311640e-07  7.90000000e-01  2.81169323e-01 
 8.15311640e-07  7.90000000e-01  2.81161274e-01 
 8.16311640e-07  7.90000000e-01  2.81153251e-01 
 8.17311640e-07  7.90000000e-01  2.81145254e-01 
 8.18311640e-07  7.90000000e-01  2.81137284e-01 
 8.19311640e-07  7.90000000e-01  2.81129341e-01 
 8.20311640e-07  7.90000000e-01  2.81121424e-01 
 8.21311640e-07  7.90000000e-01  2.81113534e-01 
 8.22311640e-07  7.90000000e-01  2.81105671e-01 
 8.23311640e-07  7.90000000e-01  2.81097835e-01 
 8.24311640e-07  7.90000000e-01  2.81090026e-01 
 8.25311640e-07  7.90000000e-01  2.81082245e-01 
 8.26311640e-07  7.90000000e-01  2.81074491e-01 
 8.27311640e-07  7.90000000e-01  2.81066765e-01 
 8.28311640e-07  7.90000000e-01  2.81059066e-01 
 8.29311640e-07  7.90000000e-01  2.81051396e-01 
 8.30311640e-07  7.90000000e-01  2.81043753e-01 
 8.31311640e-07  7.90000000e-01  2.81036139e-01 
 8.32311640e-07  7.90000000e-01  2.81028553e-01 
 8.33311640e-07  7.90000000e-01  2.81020995e-01 
 8.34311640e-07  7.90000000e-01  2.81013465e-01 
 8.35311640e-07  7.90000000e-01  2.81005964e-01 
 8.36311640e-07  7.90000000e-01  2.80998492e-01 
 8.37311640e-07  7.90000000e-01  2.80991048e-01 
 8.38311640e-07  7.90000000e-01  2.80983634e-01 
 8.39311640e-07  7.90000000e-01  2.80976248e-01 
 8.40311640e-07  7.90000000e-01  2.80968891e-01 
 8.41311640e-07  7.90000000e-01  2.80961564e-01 
 8.42311640e-07  7.90000000e-01  2.80954266e-01 
 8.43311640e-07  7.90000000e-01  2.80946997e-01 
 8.44311640e-07  7.90000000e-01  2.80939757e-01 
 8.45311640e-07  7.90000000e-01  2.80932547e-01 
 8.46311640e-07  7.90000000e-01  2.80925367e-01 
 8.47311640e-07  7.90000000e-01  2.80918217e-01 
 8.48311640e-07  7.90000000e-01  2.80911096e-01 
 8.49311640e-07  7.90000000e-01  2.80904005e-01 
 8.50311640e-07  7.90000000e-01  2.80896944e-01 
 8.51311640e-07  7.90000000e-01  2.80889914e-01 
 8.52311640e-07  7.90000000e-01  2.80882913e-01 
 8.53311640e-07  7.90000000e-01  2.80875943e-01 
 8.54311640e-07  7.90000000e-01  2.80869003e-01 
 8.55311640e-07  7.90000000e-01  2.80862093e-01 
 8.56311640e-07  7.90000000e-01  2.80855214e-01 
 8.57311640e-07  7.90000000e-01  2.80848365e-01 
 8.58311640e-07  7.90000000e-01  2.80841547e-01 
 8.59311640e-07  7.90000000e-01  2.80834759e-01 
 8.60311640e-07  7.90000000e-01  2.80828003e-01 
 8.61311640e-07  7.90000000e-01  2.80821277e-01 
 8.62311640e-07  7.90000000e-01  2.80814582e-01 
 8.63311640e-07  7.90000000e-01  2.80807917e-01 
 8.64311640e-07  7.90000000e-01  2.80801284e-01 
 8.65311640e-07  7.90000000e-01  2.80794682e-01 
 8.66311640e-07  7.90000000e-01  2.80788111e-01 
 8.67311640e-07  7.90000000e-01  2.80781571e-01 
 8.68311640e-07  7.90000000e-01  2.80775063e-01 
 8.69311640e-07  7.90000000e-01  2.80768586e-01 
 8.70311640e-07  7.90000000e-01  2.80762140e-01 
 8.71311640e-07  7.90000000e-01  2.80755725e-01 
 8.72311640e-07  7.90000000e-01  2.80749342e-01 
 8.73311640e-07  7.90000000e-01  2.80742990e-01 
 8.74311640e-07  7.90000000e-01  2.80736670e-01 
 8.75311640e-07  7.90000000e-01  2.80730381e-01 
 8.76311640e-07  7.90000000e-01  2.80724124e-01 
 8.77311640e-07  7.90000000e-01  2.80717899e-01 
 8.78311640e-07  7.90000000e-01  2.80711705e-01 
 8.79311640e-07  7.90000000e-01  2.80705544e-01 
 8.80311640e-07  7.90000000e-01  2.80699413e-01 
 8.81311640e-07  7.90000000e-01  2.80693315e-01 
 8.82311640e-07  7.90000000e-01  2.80687249e-01 
 8.83311640e-07  7.90000000e-01  2.80681214e-01 
 8.84311640e-07  7.90000000e-01  2.80675212e-01 
 8.85311640e-07  7.90000000e-01  2.80669241e-01 
 8.86311640e-07  7.90000000e-01  2.80663302e-01 
 8.87311640e-07  7.90000000e-01  2.80657395e-01 
 8.88311640e-07  7.90000000e-01  2.80651521e-01 
 8.89311640e-07  7.90000000e-01  2.80645678e-01 
 8.90311640e-07  7.90000000e-01  2.80639868e-01 
 8.91311640e-07  7.90000000e-01  2.80634089e-01 
 8.92311640e-07  7.90000000e-01  2.80628343e-01 
 8.93311640e-07  7.90000000e-01  2.80622629e-01 
 8.94311640e-07  7.90000000e-01  2.80616947e-01 
 8.95311640e-07  7.90000000e-01  2.80611297e-01 
 8.96311640e-07  7.90000000e-01  2.80605679e-01 
 8.97311640e-07  7.90000000e-01  2.80600094e-01 
 8.98311640e-07  7.90000000e-01  2.80594540e-01 
 8.99311640e-07  7.90000000e-01  2.80589019e-01 
 9.00311640e-07  7.90000000e-01  2.80583531e-01 
 9.01311640e-07  7.90000000e-01  2.80578074e-01 
 9.02311640e-07  7.90000000e-01  2.80572650e-01 
 9.03311640e-07  7.90000000e-01  2.80567258e-01 
 9.04311640e-07  7.90000000e-01  2.80561899e-01 
 9.05311640e-07  7.90000000e-01  2.80556571e-01 
 9.06311640e-07  7.90000000e-01  2.80551276e-01 
 9.07311640e-07  7.90000000e-01  2.80546013e-01 
 9.08311640e-07  7.90000000e-01  2.80540783e-01 
 9.09311640e-07  7.90000000e-01  2.80535584e-01 
 9.10311640e-07  7.90000000e-01  2.80530419e-01 
 9.11311640e-07  7.90000000e-01  2.80525285e-01 
 9.12311640e-07  7.90000000e-01  2.80520183e-01 
 9.13311640e-07  7.90000000e-01  2.80515114e-01 
 9.14311640e-07  7.90000000e-01  2.80510077e-01 
 9.15311640e-07  7.90000000e-01  2.80505073e-01 
 9.16311640e-07  7.90000000e-01  2.80500101e-01 
 9.17311640e-07  7.90000000e-01  2.80495160e-01 
 9.18311640e-07  7.90000000e-01  2.80490253e-01 
 9.19311640e-07  7.90000000e-01  2.80485377e-01 
 9.20311640e-07  7.90000000e-01  2.80480533e-01 
 9.21311640e-07  7.90000000e-01  2.80475722e-01 
 9.22311640e-07  7.90000000e-01  2.80470943e-01 
 9.23311640e-07  7.90000000e-01  2.80466196e-01 
 9.24311640e-07  7.90000000e-01  2.80461481e-01 
 9.25311640e-07  7.90000000e-01  2.80456799e-01 
 9.26311640e-07  7.90000000e-01  2.80452148e-01 
 9.27311640e-07  7.90000000e-01  2.80447529e-01 
 9.28311640e-07  7.90000000e-01  2.80442943e-01 
 9.29311640e-07  7.90000000e-01  2.80438388e-01 
 9.30311640e-07  7.90000000e-01  2.80433866e-01 
 9.31311640e-07  7.90000000e-01  2.80429375e-01 
 9.32311640e-07  7.90000000e-01  2.80424917e-01 
 9.33311640e-07  7.90000000e-01  2.80420490e-01 
 9.34311640e-07  7.90000000e-01  2.80416096e-01 
 9.35311640e-07  7.90000000e-01  2.80411733e-01 
 9.36311640e-07  7.90000000e-01  2.80407402e-01 
 9.37311640e-07  7.90000000e-01  2.80403103e-01 
 9.38311640e-07  7.90000000e-01  2.80398835e-01 
 9.39311640e-07  7.90000000e-01  2.80394599e-01 
 9.40311640e-07  7.90000000e-01  2.80390395e-01 
 9.41311640e-07  7.90000000e-01  2.80386223e-01 
 9.42311640e-07  7.90000000e-01  2.80382082e-01 
 9.43311640e-07  7.90000000e-01  2.80377973e-01 
 9.44311640e-07  7.90000000e-01  2.80373895e-01 
 9.45311640e-07  7.90000000e-01  2.80369849e-01 
 9.46311640e-07  7.90000000e-01  2.80365835e-01 
 9.47311640e-07  7.90000000e-01  2.80361851e-01 
 9.48311640e-07  7.90000000e-01  2.80357900e-01 
 9.49311640e-07  7.90000000e-01  2.80353979e-01 
 9.50311640e-07  7.90000000e-01  2.80350090e-01 
 9.51311640e-07  7.90000000e-01  2.80346232e-01 
 9.52311640e-07  7.90000000e-01  2.80342405e-01 
 9.53311640e-07  7.90000000e-01  2.80338610e-01 
 9.54311640e-07  7.90000000e-01  2.80334845e-01 
 9.55311640e-07  7.90000000e-01  2.80331112e-01 
 9.56311640e-07  7.90000000e-01  2.80327409e-01 
 9.57311640e-07  7.90000000e-01  2.80323738e-01 
 9.58311640e-07  7.90000000e-01  2.80320097e-01 
 9.59311640e-07  7.90000000e-01  2.80316487e-01 
 9.60311640e-07  7.90000000e-01  2.80312908e-01 
 9.61311640e-07  7.90000000e-01  2.80309360e-01 
 9.62311640e-07  7.90000000e-01  2.80305843e-01 
 9.63311640e-07  7.90000000e-01  2.80302356e-01 
 9.64311640e-07  7.90000000e-01  2.80298899e-01 
 9.65311640e-07  7.90000000e-01  2.80295474e-01 
 9.66311640e-07  7.90000000e-01  2.80292078e-01 
 9.67311640e-07  7.90000000e-01  2.80288713e-01 
 9.68311640e-07  7.90000000e-01  2.80285379e-01 
 9.69311640e-07  7.90000000e-01  2.80282074e-01 
 9.70311640e-07  7.90000000e-01  2.80278800e-01 
 9.71311640e-07  7.90000000e-01  2.80275556e-01 
 9.72311640e-07  7.90000000e-01  2.80272342e-01 
 9.73311640e-07  7.90000000e-01  2.80269159e-01 
 9.74311640e-07  7.90000000e-01  2.80266005e-01 
 9.75311640e-07  7.90000000e-01  2.80262881e-01 
 9.76311640e-07  7.90000000e-01  2.80259787e-01 
 9.77311640e-07  7.90000000e-01  2.80256722e-01 
 9.78311640e-07  7.90000000e-01  2.80253687e-01 
 9.79311640e-07  7.90000000e-01  2.80250682e-01 
 9.80311640e-07  7.90000000e-01  2.80247707e-01 
 9.81311640e-07  7.90000000e-01  2.80244761e-01 
 9.82311640e-07  7.90000000e-01  2.80241844e-01 
 9.83311640e-07  7.90000000e-01  2.80238957e-01 
 9.84311640e-07  7.90000000e-01  2.80236099e-01 
 9.85311640e-07  7.90000000e-01  2.80233270e-01 
 9.86311640e-07  7.90000000e-01  2.80230470e-01 
 9.87311640e-07  7.90000000e-01  2.80227700e-01 
 9.88311640e-07  7.90000000e-01  2.80224958e-01 
 9.89311640e-07  7.90000000e-01  2.80222245e-01 
 9.90311640e-07  7.90000000e-01  2.80219561e-01 
 9.91311640e-07  7.90000000e-01  2.80216906e-01 
 9.92311640e-07  7.90000000e-01  2.80214279e-01 
 9.93311640e-07  7.90000000e-01  2.80211682e-01 
 9.94311640e-07  7.90000000e-01  2.80209112e-01 
 9.95311640e-07  7.90000000e-01  2.80206571e-01 
 9.96311640e-07  7.90000000e-01  2.80204059e-01 
 9.97311640e-07  7.90000000e-01  2.80201574e-01 
 9.98311640e-07  7.90000000e-01  2.80199118e-01 
 9.99311640e-07  7.90000000e-01  2.80196690e-01 
 1.00031164e-06  7.90000000e-01  2.80194290e-01 
 1.00131164e-06  7.90000000e-01  2.80191918e-01 
 1.00231164e-06  7.90000000e-01  2.80189574e-01 
 1.00331164e-06  7.90000000e-01  2.80187257e-01 
 1.00431164e-06  7.90000000e-01  2.80184969e-01 
 1.00531164e-06  7.90000000e-01  2.80182708e-01 
 1.00631164e-06  7.90000000e-01  2.80180474e-01 
 1.00731164e-06  7.90000000e-01  2.80178268e-01 
 1.00831164e-06  7.90000000e-01  2.80176089e-01 
 1.00931164e-06  7.90000000e-01  2.80173938e-01 
 1.01031164e-06  7.90000000e-01  2.80171813e-01 
 1.01131164e-06  7.90000000e-01  2.80169716e-01 
 1.01231164e-06  7.90000000e-01  2.80167646e-01 
 1.01331164e-06  7.90000000e-01  2.80165603e-01 
 1.01431164e-06  7.90000000e-01  2.80163586e-01 
 1.01531164e-06  7.90000000e-01  2.80161597e-01 
 1.01631164e-06  7.90000000e-01  2.80159634e-01 
 1.01731164e-06  7.90000000e-01  2.80157697e-01 
 1.01831164e-06  7.90000000e-01  2.80155787e-01 
 1.01931164e-06  7.90000000e-01  2.80153903e-01 
 1.02031164e-06  7.90000000e-01  2.80152046e-01 
 1.02131164e-06  7.90000000e-01  2.80150215e-01 
 1.02231164e-06  7.90000000e-01  2.80148410e-01 
 1.02331164e-06  7.90000000e-01  2.80146631e-01 
 1.02431164e-06  7.90000000e-01  2.80144878e-01 
 1.02531164e-06  7.90000000e-01  2.80143150e-01 
 1.02631164e-06  7.90000000e-01  2.80141449e-01 
 1.02731164e-06  7.90000000e-01  2.80139773e-01 
 1.02831164e-06  7.90000000e-01  2.80138122e-01 
 1.02931164e-06  7.90000000e-01  2.80136497e-01 
 1.03031164e-06  7.90000000e-01  2.80134898e-01 
 1.03131164e-06  7.90000000e-01  2.80133323e-01 
 1.03231164e-06  7.90000000e-01  2.80131774e-01 
 1.03331164e-06  7.90000000e-01  2.80130250e-01 
 1.03431164e-06  7.90000000e-01  2.80128751e-01 
 1.03531164e-06  7.90000000e-01  2.80127276e-01 
 1.03631164e-06  7.90000000e-01  2.80125827e-01 
 1.03731164e-06  7.90000000e-01  2.80124402e-01 
 1.03831164e-06  7.90000000e-01  2.80123001e-01 
 1.03931164e-06  7.90000000e-01  2.80121625e-01 
 1.04031164e-06  7.90000000e-01  2.80120274e-01 
 1.04131164e-06  7.90000000e-01  2.80118947e-01 
 1.04231164e-06  7.90000000e-01  2.80117643e-01 
 1.04331164e-06  7.90000000e-01  2.80116364e-01 
 1.04431164e-06  7.90000000e-01  2.80115109e-01 
 1.04531164e-06  7.90000000e-01  2.80113878e-01 
 1.04631164e-06  7.90000000e-01  2.80112671e-01 
 1.04731164e-06  7.90000000e-01  2.80111487e-01 
 1.04831164e-06  7.90000000e-01  2.80110326e-01 
 1.04931164e-06  7.90000000e-01  2.80109190e-01 
 1.05031164e-06  7.90000000e-01  2.80108076e-01 
 1.05131164e-06  7.90000000e-01  2.80106986e-01 
 1.05231164e-06  7.90000000e-01  2.80105919e-01 
 1.05331164e-06  7.90000000e-01  2.80104875e-01 
 1.05431164e-06  7.90000000e-01  2.80103854e-01 
 1.05531164e-06  7.90000000e-01  2.80102856e-01 
 1.05631164e-06  7.90000000e-01  2.80101880e-01 
 1.05731164e-06  7.90000000e-01  2.80100927e-01 
 1.05831164e-06  7.90000000e-01  2.80099997e-01 
 1.05931164e-06  7.90000000e-01  2.80099089e-01 
 1.06031164e-06  7.90000000e-01  2.80098204e-01 
 1.06131164e-06  7.90000000e-01  2.80097340e-01 
 1.06231164e-06  7.90000000e-01  2.80096499e-01 
 1.06331164e-06  7.90000000e-01  2.80095680e-01 
 1.06431164e-06  7.90000000e-01  2.80094882e-01 
 1.06531164e-06  7.90000000e-01  2.80094107e-01 
 1.06631164e-06  7.90000000e-01  2.80093353e-01 
 1.06731164e-06  7.90000000e-01  2.80092621e-01 
 1.06831164e-06  7.90000000e-01  2.80091910e-01 
 1.06931164e-06  7.90000000e-01  2.80091220e-01 
 1.07031164e-06  7.90000000e-01  2.80090552e-01 
 1.07131164e-06  7.90000000e-01  2.80089905e-01 
 1.07231164e-06  7.90000000e-01  2.80089279e-01 
 1.07331164e-06  7.90000000e-01  2.80088674e-01 
 1.07431164e-06  7.90000000e-01  2.80088090e-01 
 1.07531164e-06  7.90000000e-01  2.80087527e-01 
 1.07631164e-06  7.90000000e-01  2.80086984e-01 
 1.07731164e-06  7.90000000e-01  2.80086461e-01 
 1.07831164e-06  7.90000000e-01  2.80085960e-01 
 1.07931164e-06  7.90000000e-01  2.80085478e-01 
 1.08031164e-06  7.90000000e-01  2.80085017e-01 
 1.08131164e-06  7.90000000e-01  2.80084575e-01 
 1.08231164e-06  7.90000000e-01  2.80084154e-01 
 1.08331164e-06  7.90000000e-01  2.80083752e-01 
 1.08431164e-06  7.90000000e-01  2.80083371e-01 
 1.08531164e-06  7.90000000e-01  2.80083009e-01 
 1.08631164e-06  7.90000000e-01  2.80082666e-01 
 1.08731164e-06  7.90000000e-01  2.80082343e-01 
 1.08831164e-06  7.90000000e-01  2.80082039e-01 
 1.08931164e-06  7.90000000e-01  2.80081755e-01 
 1.09031164e-06  7.90000000e-01  2.80081490e-01 
 1.09131164e-06  7.90000000e-01  2.80081243e-01 
 1.09231164e-06  7.90000000e-01  2.80081016e-01 
 1.09331164e-06  7.90000000e-01  2.80080807e-01 
 1.09431164e-06  7.90000000e-01  2.80080617e-01 
 1.09531164e-06  7.90000000e-01  2.80080446e-01 
 1.09631164e-06  7.90000000e-01  2.80080293e-01 
 1.09731164e-06  7.90000000e-01  2.80080158e-01 
 1.09831164e-06  7.90000000e-01  2.80080042e-01 
 1.09931164e-06  7.90000000e-01  2.80079943e-01 
 1.10031164e-06  7.90000000e-01  2.80079863e-01 
 1.10131164e-06  7.90000000e-01  2.80079801e-01 
 1.10231164e-06  7.90000000e-01  2.80079757e-01 
 1.10331164e-06  7.90000000e-01  2.80079730e-01 
 1.10431164e-06  7.90000000e-01  2.80079721e-01 
 1.10531164e-06  7.90000000e-01  2.80079729e-01 
 1.10631164e-06  7.90000000e-01  2.80079755e-01 
 1.10731164e-06  7.90000000e-01  2.80079798e-01 
 1.10831164e-06  7.90000000e-01  2.80079858e-01 
 1.10931164e-06  7.90000000e-01  2.80079935e-01 
 1.11031164e-06  7.90000000e-01  2.80080029e-01 
 1.11131164e-06  7.90000000e-01  2.80080140e-01 
 1.11231164e-06  7.90000000e-01  2.80080268e-01 
 1.11331164e-06  7.90000000e-01  2.80080412e-01 
 1.11431164e-06  7.90000000e-01  2.80080573e-01 
 1.11531164e-06  7.90000000e-01  2.80080750e-01 
 1.11631164e-06  7.90000000e-01  2.80080944e-01 
 1.11731164e-06  7.90000000e-01  2.80081154e-01 
 1.11831164e-06  7.90000000e-01  2.80081379e-01 
 1.11931164e-06  7.90000000e-01  2.80081621e-01 
 1.12031164e-06  7.90000000e-01  2.80081879e-01 
 1.12131164e-06  7.90000000e-01  2.80082152e-01 
 1.12231164e-06  7.90000000e-01  2.80082441e-01 
 1.12331164e-06  7.90000000e-01  2.80082746e-01 
 1.12431164e-06  7.90000000e-01  2.80083066e-01 
 1.12531164e-06  7.90000000e-01  2.80083402e-01 
 1.12631164e-06  7.90000000e-01  2.80083752e-01 
 1.12731164e-06  7.90000000e-01  2.80084118e-01 
 1.12831164e-06  7.90000000e-01  2.80084499e-01 
 1.12931164e-06  7.90000000e-01  2.80084894e-01 
 1.13031164e-06  7.90000000e-01  2.80085305e-01 
 1.13131164e-06  7.90000000e-01  2.80085730e-01 
 1.13231164e-06  7.90000000e-01  2.80086169e-01 
 1.13331164e-06  7.90000000e-01  2.80086623e-01 
 1.13431164e-06  7.90000000e-01  2.80087092e-01 
 1.13531164e-06  7.90000000e-01  2.80087575e-01 
 1.13631164e-06  7.90000000e-01  2.80088072e-01 
 1.13731164e-06  7.90000000e-01  2.80088583e-01 
 1.13831164e-06  7.90000000e-01  2.80089108e-01 
 1.13931164e-06  7.90000000e-01  2.80089646e-01 
 1.14031164e-06  7.90000000e-01  2.80090199e-01 
 1.14131164e-06  7.90000000e-01  2.80090765e-01 
 1.14231164e-06  7.90000000e-01  2.80091344e-01 
 1.14331164e-06  7.90000000e-01  2.80091938e-01 
 1.14431164e-06  7.90000000e-01  2.80092544e-01 
 1.14531164e-06  7.90000000e-01  2.80093163e-01 
 1.14631164e-06  7.90000000e-01  2.80093796e-01 
 1.14731164e-06  7.90000000e-01  2.80094442e-01 
 1.14831164e-06  7.90000000e-01  2.80095100e-01 
 1.14931164e-06  7.90000000e-01  2.80095771e-01 
 1.15031164e-06  7.90000000e-01  2.80096455e-01 
 1.15131164e-06  7.90000000e-01  2.80097152e-01 
 1.15231164e-06  7.90000000e-01  2.80097861e-01 
 1.15331164e-06  7.90000000e-01  2.80098582e-01 
 1.15431164e-06  7.90000000e-01  2.80099316e-01 
 1.15531164e-06  7.90000000e-01  2.80100062e-01 
 1.15631164e-06  7.90000000e-01  2.80100820e-01 
 1.15731164e-06  7.90000000e-01  2.80101590e-01 
 1.15831164e-06  7.90000000e-01  2.80102371e-01 
 1.15931164e-06  7.90000000e-01  2.80103165e-01 
 1.16031164e-06  7.90000000e-01  2.80103970e-01 
 1.16131164e-06  7.90000000e-01  2.80104787e-01 
 1.16231164e-06  7.90000000e-01  2.80105615e-01 
 1.16331164e-06  7.90000000e-01  2.80106454e-01 
 1.16431164e-06  7.90000000e-01  2.80107305e-01 
 1.16531164e-06  7.90000000e-01  2.80108167e-01 
 1.16631164e-06  7.90000000e-01  2.80109039e-01 
 1.16731164e-06  7.90000000e-01  2.80109923e-01 
 1.16831164e-06  7.90000000e-01  2.80110818e-01 
 1.16931164e-06  7.90000000e-01  2.80111723e-01 
 1.17031164e-06  7.90000000e-01  2.80112639e-01 
 1.17131164e-06  7.90000000e-01  2.80113566e-01 
 1.17231164e-06  7.90000000e-01  2.80114503e-01 
 1.17331164e-06  7.90000000e-01  2.80115450e-01 
 1.17431164e-06  7.90000000e-01  2.80116408e-01 
 1.17531164e-06  7.90000000e-01  2.80117375e-01 
 1.17631164e-06  7.90000000e-01  2.80118353e-01 
 1.17731164e-06  7.90000000e-01  2.80119341e-01 
 1.17831164e-06  7.90000000e-01  2.80120339e-01 
 1.17931164e-06  7.90000000e-01  2.80121346e-01 
 1.18031164e-06  7.90000000e-01  2.80122363e-01 
 1.18131164e-06  7.90000000e-01  2.80123389e-01 
 1.18231164e-06  7.90000000e-01  2.80124425e-01 
 1.18331164e-06  7.90000000e-01  2.80125471e-01 
 1.18431164e-06  7.90000000e-01  2.80126525e-01 
 1.18531164e-06  7.90000000e-01  2.80127589e-01 
 1.18631164e-06  7.90000000e-01  2.80128662e-01 
 1.18731164e-06  7.90000000e-01  2.80129743e-01 
 1.18831164e-06  7.90000000e-01  2.80130834e-01 
 1.18931164e-06  7.90000000e-01  2.80131934e-01 
 1.19031164e-06  7.90000000e-01  2.80133042e-01 
 1.19131164e-06  7.90000000e-01  2.80134158e-01 
 1.19231164e-06  7.90000000e-01  2.80135284e-01 
 1.19331164e-06  7.90000000e-01  2.80136417e-01 
 1.19431164e-06  7.90000000e-01  2.80137559e-01 
 1.19531164e-06  7.90000000e-01  2.80138709e-01 
 1.19631164e-06  7.90000000e-01  2.80139868e-01 
 1.19731164e-06  7.90000000e-01  2.80141034e-01 
 1.19831164e-06  7.90000000e-01  2.80142208e-01 
 1.19931164e-06  7.90000000e-01  2.80143390e-01 
 1.20031164e-06  7.90000000e-01  2.80144580e-01 
 1.20131164e-06  7.90000000e-01  2.80145778e-01 
 1.20231164e-06  7.90000000e-01  2.80146983e-01 
 1.20331164e-06  7.90000000e-01  2.80148195e-01 
 1.20431164e-06  7.90000000e-01  2.80149415e-01 
 1.20531164e-06  7.90000000e-01  2.80150642e-01 
 1.20631164e-06  7.90000000e-01  2.80151877e-01 
 1.20731164e-06  7.90000000e-01  2.80153118e-01 
 1.20831164e-06  7.90000000e-01  2.80154367e-01 
 1.20931164e-06  7.90000000e-01  2.80155622e-01 
 1.21031164e-06  7.90000000e-01  2.80156884e-01 
 1.21131164e-06  7.90000000e-01  2.80158154e-01 
 1.21231164e-06  7.90000000e-01  2.80159429e-01 
 1.21331164e-06  7.90000000e-01  2.80160712e-01 
 1.21431164e-06  7.90000000e-01  2.80162000e-01 
 1.21531164e-06  7.90000000e-01  2.80163296e-01 
 1.21631164e-06  7.90000000e-01  2.80164597e-01 
 1.21731164e-06  7.90000000e-01  2.80165905e-01 
 1.21831164e-06  7.90000000e-01  2.80167219e-01 
 1.21931164e-06  7.90000000e-01  2.80168539e-01 
 1.22031164e-06  7.90000000e-01  2.80169865e-01 
 1.22131164e-06  7.90000000e-01  2.80171196e-01 
 1.22231164e-06  7.90000000e-01  2.80172534e-01 
 1.22331164e-06  7.90000000e-01  2.80173877e-01 
 1.22431164e-06  7.90000000e-01  2.80175226e-01 
 1.22531164e-06  7.90000000e-01  2.80176580e-01 
 1.22631164e-06  7.90000000e-01  2.80177940e-01 
 1.22731164e-06  7.90000000e-01  2.80179306e-01 
 1.22831164e-06  7.90000000e-01  2.80180676e-01 
 1.22931164e-06  7.90000000e-01  2.80182052e-01 
 1.23031164e-06  7.90000000e-01  2.80183433e-01 
 1.23131164e-06  7.90000000e-01  2.80184819e-01 
 1.23231164e-06  7.90000000e-01  2.80186209e-01 
 1.23331164e-06  7.90000000e-01  2.80187605e-01 
 1.23431164e-06  7.90000000e-01  2.80189006e-01 
 1.23531164e-06  7.90000000e-01  2.80190411e-01 
 1.23631164e-06  7.90000000e-01  2.80191821e-01 
 1.23731164e-06  7.90000000e-01  2.80193235e-01 
 1.23831164e-06  7.90000000e-01  2.80194654e-01 
 1.23931164e-06  7.90000000e-01  2.80196077e-01 
 1.24031164e-06  7.90000000e-01  2.80197505e-01 
 1.24131164e-06  7.90000000e-01  2.80198937e-01 
 1.24231164e-06  7.90000000e-01  2.80200372e-01 
 1.24331164e-06  7.90000000e-01  2.80201812e-01 
 1.24431164e-06  7.90000000e-01  2.80203256e-01 
 1.24531164e-06  7.90000000e-01  2.80204704e-01 
 1.24631164e-06  7.90000000e-01  2.80206156e-01 
 1.24731164e-06  7.90000000e-01  2.80207612e-01 
 1.24831164e-06  7.90000000e-01  2.80209071e-01 
 1.24931164e-06  7.90000000e-01  2.80210533e-01 
 1.25031164e-06  7.90000000e-01  2.80212000e-01 
 1.25131164e-06  7.90000000e-01  2.80213470e-01 
 1.25231164e-06  7.90000000e-01  2.80214943e-01 
 1.25331164e-06  7.90000000e-01  2.80216419e-01 
 1.25431164e-06  7.90000000e-01  2.80217899e-01 
 1.25531164e-06  7.90000000e-01  2.80219381e-01 
 1.25631164e-06  7.90000000e-01  2.80220867e-01 
 1.25731164e-06  7.90000000e-01  2.80222356e-01 
 1.25831164e-06  7.90000000e-01  2.80223848e-01 
 1.25931164e-06  7.90000000e-01  2.80225343e-01 
 1.26031164e-06  7.90000000e-01  2.80226840e-01 
 1.26131164e-06  7.90000000e-01  2.80228340e-01 
 1.26231164e-06  7.90000000e-01  2.80229843e-01 
 1.26331164e-06  7.90000000e-01  2.80231348e-01 
 1.26431164e-06  7.90000000e-01  2.80232856e-01 
 1.26531164e-06  7.90000000e-01  2.80234366e-01 
 1.26631164e-06  7.90000000e-01  2.80235879e-01 
 1.26731164e-06  7.90000000e-01  2.80237394e-01 
 1.26831164e-06  7.90000000e-01  2.80238911e-01 
 1.26931164e-06  7.90000000e-01  2.80240430e-01 
 1.27031164e-06  7.90000000e-01  2.80241952e-01 
 1.27131164e-06  7.90000000e-01  2.80243475e-01 
 1.27231164e-06  7.90000000e-01  2.80245000e-01 
 1.27331164e-06  7.90000000e-01  2.80246527e-01 
 1.27431164e-06  7.90000000e-01  2.80248056e-01 
 1.27531164e-06  7.90000000e-01  2.80249587e-01 
 1.27631164e-06  7.90000000e-01  2.80251119e-01 
 1.27731164e-06  7.90000000e-01  2.80252653e-01 
 1.27831164e-06  7.90000000e-01  2.80254188e-01 
 1.27931164e-06  7.90000000e-01  2.80255725e-01 
 1.28031164e-06  7.90000000e-01  2.80257264e-01 
 1.28131164e-06  7.90000000e-01  2.80258803e-01 
 1.28231164e-06  7.90000000e-01  2.80260344e-01 
 1.28331164e-06  7.90000000e-01  2.80261886e-01 
 1.28431164e-06  7.90000000e-01  2.80263429e-01 
 1.28531164e-06  7.90000000e-01  2.80264974e-01 
 1.28631164e-06  7.90000000e-01  2.80266519e-01 
 1.28731164e-06  7.90000000e-01  2.80268065e-01 
 1.28831164e-06  7.90000000e-01  2.80269613e-01 
 1.28931164e-06  7.90000000e-01  2.80271160e-01 
 1.29031164e-06  7.90000000e-01  2.80272709e-01 
 1.29131164e-06  7.90000000e-01  2.80274259e-01 
 1.29231164e-06  7.90000000e-01  2.80275809e-01 
 1.29331164e-06  7.90000000e-01  2.80277359e-01 
 1.29431164e-06  7.90000000e-01  2.80278910e-01 
 1.29531164e-06  7.90000000e-01  2.80280462e-01 
 1.29631164e-06  7.90000000e-01  2.80282014e-01 
 1.29731164e-06  7.90000000e-01  2.80283566e-01 
 1.29831164e-06  7.90000000e-01  2.80285119e-01 
 1.29931164e-06  7.90000000e-01  2.80286672e-01 
 1.30031164e-06  7.90000000e-01  2.80288225e-01 
 1.30131164e-06  7.90000000e-01  2.80289778e-01 
 1.30231164e-06  7.90000000e-01  2.80291331e-01 
 1.30331164e-06  7.90000000e-01  2.80292884e-01 
 1.30431164e-06  7.90000000e-01  2.80294437e-01 
 1.30531164e-06  7.90000000e-01  2.80295990e-01 
 1.30631164e-06  7.90000000e-01  2.80297543e-01 
 1.30731164e-06  7.90000000e-01  2.80299095e-01 
 1.30831164e-06  7.90000000e-01  2.80300647e-01 
 1.30931164e-06  7.90000000e-01  2.80302199e-01 
 1.31031164e-06  7.90000000e-01  2.80303750e-01 
 1.31131164e-06  7.90000000e-01  2.80305301e-01 
 1.31231164e-06  7.90000000e-01  2.80306852e-01 
 1.31331164e-06  7.90000000e-01  2.80308401e-01 
 1.31431164e-06  7.90000000e-01  2.80309951e-01 
 1.31531164e-06  7.90000000e-01  2.80311499e-01 
 1.31631164e-06  7.90000000e-01  2.80313047e-01 
 1.31731164e-06  7.90000000e-01  2.80314594e-01 
 1.31831164e-06  7.90000000e-01  2.80316140e-01 
 1.31931164e-06  7.90000000e-01  2.80317685e-01 
 1.32031164e-06  7.90000000e-01  2.80319230e-01 
 1.32131164e-06  7.90000000e-01  2.80320773e-01 
 1.32231164e-06  7.90000000e-01  2.80322315e-01 
 1.32331164e-06  7.90000000e-01  2.80323856e-01 
 1.32431164e-06  7.90000000e-01  2.80325396e-01 
 1.32531164e-06  7.90000000e-01  2.80326935e-01 
 1.32631164e-06  7.90000000e-01  2.80328473e-01 
 1.32731164e-06  7.90000000e-01  2.80330009e-01 
 1.32831164e-06  7.90000000e-01  2.80331544e-01 
 1.32931164e-06  7.90000000e-01  2.80333078e-01 
 1.33031164e-06  7.90000000e-01  2.80334610e-01 
 1.33131164e-06  7.90000000e-01  2.80336141e-01 
 1.33231164e-06  7.90000000e-01  2.80337670e-01 
 1.33331164e-06  7.90000000e-01  2.80339197e-01 
 1.33431164e-06  7.90000000e-01  2.80340723e-01 
 1.33531164e-06  7.90000000e-01  2.80342247e-01 
 1.33631164e-06  7.90000000e-01  2.80343770e-01 
 1.33731164e-06  7.90000000e-01  2.80345291e-01 
 1.33831164e-06  7.90000000e-01  2.80346810e-01 
 1.33931164e-06  7.90000000e-01  2.80348327e-01 
 1.34031164e-06  7.90000000e-01  2.80349842e-01 
 1.34131164e-06  7.90000000e-01  2.80351355e-01 
 1.34231164e-06  7.90000000e-01  2.80352866e-01 
 1.34331164e-06  7.90000000e-01  2.80354376e-01 
 1.34431164e-06  7.90000000e-01  2.80355883e-01 
 1.34531164e-06  7.90000000e-01  2.80357388e-01 
 1.34631164e-06  7.90000000e-01  2.80358891e-01 
 1.34731164e-06  7.90000000e-01  2.80360392e-01 
 1.34831164e-06  7.90000000e-01  2.80361890e-01 
 1.34931164e-06  7.90000000e-01  2.80363386e-01 
 1.35031164e-06  7.90000000e-01  2.80364880e-01 
 1.35131164e-06  7.90000000e-01  2.80366371e-01 
 1.35231164e-06  7.90000000e-01  2.80367861e-01 
 1.35331164e-06  7.90000000e-01  2.80369347e-01 
 1.35431164e-06  7.90000000e-01  2.80370831e-01 
 1.35531164e-06  7.90000000e-01  2.80372313e-01 
 1.35631164e-06  7.90000000e-01  2.80373792e-01 
 1.35731164e-06  7.90000000e-01  2.80375268e-01 
 1.35831164e-06  7.90000000e-01  2.80376742e-01 
 1.35931164e-06  7.90000000e-01  2.80378213e-01 
 1.36031164e-06  7.90000000e-01  2.80379682e-01 
 1.36131164e-06  7.90000000e-01  2.80381147e-01 
 1.36231164e-06  7.90000000e-01  2.80382610e-01 
 1.36331164e-06  7.90000000e-01  2.80384070e-01 
 1.36431164e-06  7.90000000e-01  2.80385528e-01 
 1.36531164e-06  7.90000000e-01  2.80386982e-01 
 1.36631164e-06  7.90000000e-01  2.80388433e-01 
 1.36731164e-06  7.90000000e-01  2.80389882e-01 
 1.36831164e-06  7.90000000e-01  2.80391327e-01 
 1.36931164e-06  7.90000000e-01  2.80392769e-01 
 1.37031164e-06  7.90000000e-01  2.80394208e-01 
 1.37131164e-06  7.90000000e-01  2.80395645e-01 
 1.37231164e-06  7.90000000e-01  2.80397078e-01 
 1.37331164e-06  7.90000000e-01  2.80398507e-01 
 1.37431164e-06  7.90000000e-01  2.80399934e-01 
 1.37531164e-06  7.90000000e-01  2.80401357e-01 
 1.37631164e-06  7.90000000e-01  2.80402777e-01 
 1.37731164e-06  7.90000000e-01  2.80404194e-01 
 1.37831164e-06  7.90000000e-01  2.80405608e-01 
 1.37931164e-06  7.90000000e-01  2.80407018e-01 
 1.38031164e-06  7.90000000e-01  2.80408424e-01 
 1.38131164e-06  7.90000000e-01  2.80409828e-01 
 1.38231164e-06  7.90000000e-01  2.80411227e-01 
 1.38331164e-06  7.90000000e-01  2.80412624e-01 
 1.38431164e-06  7.90000000e-01  2.80414016e-01 
 1.38531164e-06  7.90000000e-01  2.80415406e-01 
 1.38631164e-06  7.90000000e-01  2.80416791e-01 
 1.38731164e-06  7.90000000e-01  2.80418173e-01 
 1.38831164e-06  7.90000000e-01  2.80419552e-01 
 1.38931164e-06  7.90000000e-01  2.80420926e-01 
 1.39031164e-06  7.90000000e-01  2.80422297e-01 
 1.39131164e-06  7.90000000e-01  2.80423665e-01 
 1.39231164e-06  7.90000000e-01  2.80425028e-01 
 1.39331164e-06  7.90000000e-01  2.80426388e-01 
 1.39431164e-06  7.90000000e-01  2.80427744e-01 
 1.39531164e-06  7.90000000e-01  2.80429096e-01 
 1.39631164e-06  7.90000000e-01  2.80430444e-01 
 1.39731164e-06  7.90000000e-01  2.80431789e-01 
 1.39831164e-06  7.90000000e-01  2.80433129e-01 
 1.39931164e-06  7.90000000e-01  2.80434466e-01 
 1.40031164e-06  7.90000000e-01  2.80435798e-01 
 1.40131164e-06  7.90000000e-01  2.80437127e-01 
 1.40231164e-06  7.90000000e-01  2.80438451e-01 
 1.40331164e-06  7.90000000e-01  2.80439772e-01 
 1.40431164e-06  7.90000000e-01  2.80441088e-01 
 1.40531164e-06  7.90000000e-01  2.80442401e-01 
 1.40631164e-06  7.90000000e-01  2.80443709e-01 
 1.40731164e-06  7.90000000e-01  2.80445013e-01 
 1.40831164e-06  7.90000000e-01  2.80446313e-01 
 1.40931164e-06  7.90000000e-01  2.80447609e-01 
 1.41031164e-06  7.90000000e-01  2.80448901e-01 
 1.41131164e-06  7.90000000e-01  2.80450188e-01 
 1.41231164e-06  7.90000000e-01  2.80451471e-01 
 1.41331164e-06  7.90000000e-01  2.80452750e-01 
 1.41431164e-06  7.90000000e-01  2.80454025e-01 
 1.41531164e-06  7.90000000e-01  2.80455295e-01 
 1.41631164e-06  7.90000000e-01  2.80456561e-01 
 1.41731164e-06  7.90000000e-01  2.80457823e-01 
 1.41831164e-06  7.90000000e-01  2.80459080e-01 
 1.41931164e-06  7.90000000e-01  2.80460333e-01 
 1.42031164e-06  7.90000000e-01  2.80461582e-01 
 1.42131164e-06  7.90000000e-01  2.80462826e-01 
 1.42231164e-06  7.90000000e-01  2.80464066e-01 
 1.42331164e-06  7.90000000e-01  2.80465301e-01 
 1.42431164e-06  7.90000000e-01  2.80466532e-01 
 1.42531164e-06  7.90000000e-01  2.80467758e-01 
 1.42631164e-06  7.90000000e-01  2.80468980e-01 
 1.42731164e-06  7.90000000e-01  2.80470197e-01 
 1.42831164e-06  7.90000000e-01  2.80471410e-01 
 1.42931164e-06  7.90000000e-01  2.80472618e-01 
 1.43031164e-06  7.90000000e-01  2.80473822e-01 
 1.43131164e-06  7.90000000e-01  2.80475021e-01 
 1.43231164e-06  7.90000000e-01  2.80476215e-01 
 1.43331164e-06  7.90000000e-01  2.80477405e-01 
 1.43431164e-06  7.90000000e-01  2.80478590e-01 
 1.43531164e-06  7.90000000e-01  2.80479771e-01 
 1.43631164e-06  7.90000000e-01  2.80480946e-01 
 1.43731164e-06  7.90000000e-01  2.80482117e-01 
 1.43831164e-06  7.90000000e-01  2.80483284e-01 
 1.43931164e-06  7.90000000e-01  2.80484446e-01 
 1.44031164e-06  7.90000000e-01  2.80485603e-01 
 1.44131164e-06  7.90000000e-01  2.80486755e-01 
 1.44231164e-06  7.90000000e-01  2.80487902e-01 
 1.44331164e-06  7.90000000e-01  2.80489045e-01 
 1.44431164e-06  7.90000000e-01  2.80490183e-01 
 1.44531164e-06  7.90000000e-01  2.80491316e-01 
 1.44631164e-06  7.90000000e-01  2.80492445e-01 
 1.44731164e-06  7.90000000e-01  2.80493568e-01 
 1.44831164e-06  7.90000000e-01  2.80494687e-01 
 1.44931164e-06  7.90000000e-01  2.80495801e-01 
 1.45031164e-06  7.90000000e-01  2.80496910e-01 
 1.45131164e-06  7.90000000e-01  2.80498014e-01 
 1.45231164e-06  7.90000000e-01  2.80499113e-01 
 1.45331164e-06  7.90000000e-01  2.80500208e-01 
 1.45431164e-06  7.90000000e-01  2.80501297e-01 
 1.45531164e-06  7.90000000e-01  2.80502382e-01 
 1.45631164e-06  7.90000000e-01  2.80503462e-01 
 1.45731164e-06  7.90000000e-01  2.80504537e-01 
 1.45831164e-06  7.90000000e-01  2.80505606e-01 
 1.45931164e-06  7.90000000e-01  2.80506671e-01 
 1.46031164e-06  7.90000000e-01  2.80507731e-01 
 1.46131164e-06  7.90000000e-01  2.80508786e-01 
 1.46231164e-06  7.90000000e-01  2.80509836e-01 
 1.46331164e-06  7.90000000e-01  2.80510882e-01 
 1.46431164e-06  7.90000000e-01  2.80511922e-01 
 1.46531164e-06  7.90000000e-01  2.80512957e-01 
 1.46631164e-06  7.90000000e-01  2.80513987e-01 
 1.46731164e-06  7.90000000e-01  2.80515012e-01 
 1.46831164e-06  7.90000000e-01  2.80516032e-01 
 1.46931164e-06  7.90000000e-01  2.80517047e-01 
 1.47031164e-06  7.90000000e-01  2.80518057e-01 
 1.47131164e-06  7.90000000e-01  2.80519062e-01 
 1.47231164e-06  7.90000000e-01  2.80520062e-01 
 1.47331164e-06  7.90000000e-01  2.80521057e-01 
 1.47431164e-06  7.90000000e-01  2.80522047e-01 
 1.47531164e-06  7.90000000e-01  2.80523032e-01 
 1.47631164e-06  7.90000000e-01  2.80524012e-01 
 1.47731164e-06  7.90000000e-01  2.80524987e-01 
 1.47831164e-06  7.90000000e-01  2.80525956e-01 
 1.47931164e-06  7.90000000e-01  2.80526921e-01 
 1.48031164e-06  7.90000000e-01  2.80527881e-01 
 1.48131164e-06  7.90000000e-01  2.80528835e-01 
 1.48231164e-06  7.90000000e-01  2.80529784e-01 
 1.48331164e-06  7.90000000e-01  2.80530729e-01 
 1.48431164e-06  7.90000000e-01  2.80531668e-01 
 1.48531164e-06  7.90000000e-01  2.80532602e-01 
 1.48631164e-06  7.90000000e-01  2.80533531e-01 
 1.48731164e-06  7.90000000e-01  2.80534455e-01 
 1.48831164e-06  7.90000000e-01  2.80535374e-01 
 1.48931164e-06  7.90000000e-01  2.80536287e-01 
 1.49031164e-06  7.90000000e-01  2.80537196e-01 
 1.49131164e-06  7.90000000e-01  2.80538099e-01 
 1.49231164e-06  7.90000000e-01  2.80538998e-01 
 1.49331164e-06  7.90000000e-01  2.80539891e-01 
 1.49431164e-06  7.90000000e-01  2.80540779e-01 
 1.49531164e-06  7.90000000e-01  2.80541662e-01 
 1.49631164e-06  7.90000000e-01  2.80542540e-01 
 1.49731164e-06  7.90000000e-01  2.80543413e-01 
 1.49831164e-06  7.90000000e-01  2.80544280e-01 
 1.49931164e-06  7.90000000e-01  2.80545143e-01 
 1.50031164e-06  7.90000000e-01  2.80546000e-01 
 1.50131164e-06  7.90000000e-01  2.80546852e-01 
 1.50231164e-06  7.90000000e-01  2.80547699e-01 
 1.50331164e-06  7.90000000e-01  2.80548541e-01 
 1.50431164e-06  7.90000000e-01  2.80549378e-01 
 1.50531164e-06  7.90000000e-01  2.80550210e-01 
 1.50631164e-06  7.90000000e-01  2.80551037e-01 
 1.50731164e-06  7.90000000e-01  2.80551858e-01 
 1.50831164e-06  7.90000000e-01  2.80552675e-01 
 1.50931164e-06  7.90000000e-01  2.80553486e-01 
 1.51031164e-06  7.90000000e-01  2.80554292e-01 
 1.51131164e-06  7.90000000e-01  2.80555093e-01 
 1.51231164e-06  7.90000000e-01  2.80555889e-01 
 1.51331164e-06  7.90000000e-01  2.80556680e-01 
 1.51431164e-06  7.90000000e-01  2.80557466e-01 
 1.51531164e-06  7.90000000e-01  2.80558247e-01 
 1.51631164e-06  7.90000000e-01  2.80559022e-01 
 1.51731164e-06  7.90000000e-01  2.80559793e-01 
 1.51831164e-06  7.90000000e-01  2.80560558e-01 
 1.51931164e-06  7.90000000e-01  2.80561318e-01 
 1.52031164e-06  7.90000000e-01  2.80562073e-01 
 1.52131164e-06  7.90000000e-01  2.80562824e-01 
 1.52231164e-06  7.90000000e-01  2.80563569e-01 
 1.52331164e-06  7.90000000e-01  2.80564308e-01 
 1.52431164e-06  7.90000000e-01  2.80565043e-01 
 1.52531164e-06  7.90000000e-01  2.80565773e-01 
 1.52631164e-06  7.90000000e-01  2.80566498e-01 
 1.52731164e-06  7.90000000e-01  2.80567218e-01 
 1.52831164e-06  7.90000000e-01  2.80567932e-01 
 1.52931164e-06  7.90000000e-01  2.80568642e-01 
 1.53031164e-06  7.90000000e-01  2.80569346e-01 
 1.53131164e-06  7.90000000e-01  2.80570046e-01 
 1.53231164e-06  7.90000000e-01  2.80570740e-01 
 1.53331164e-06  7.90000000e-01  2.80571429e-01 
 1.53431164e-06  7.90000000e-01  2.80572114e-01 
 1.53531164e-06  7.90000000e-01  2.80572793e-01 
 1.53631164e-06  7.90000000e-01  2.80573467e-01 
 1.53731164e-06  7.90000000e-01  2.80574137e-01 
 1.53831164e-06  7.90000000e-01  2.80574801e-01 
 1.53931164e-06  7.90000000e-01  2.80575460e-01 
 1.54031164e-06  7.90000000e-01  2.80576115e-01 
 1.54131164e-06  7.90000000e-01  2.80576764e-01 
 1.54231164e-06  7.90000000e-01  2.80577408e-01 
 1.54331164e-06  7.90000000e-01  2.80578048e-01 
 1.54431164e-06  7.90000000e-01  2.80578682e-01 
 1.54531164e-06  7.90000000e-01  2.80579312e-01 
 1.54631164e-06  7.90000000e-01  2.80579936e-01 
 1.54731164e-06  7.90000000e-01  2.80580556e-01 
 1.54831164e-06  7.90000000e-01  2.80581170e-01 
 1.54931164e-06  7.90000000e-01  2.80581780e-01 
 1.55031164e-06  7.90000000e-01  2.80582385e-01 
 1.55131164e-06  7.90000000e-01  2.80582985e-01 
 1.55231164e-06  7.90000000e-01  2.80583580e-01 
 1.55331164e-06  7.90000000e-01  2.80584170e-01 
 1.55431164e-06  7.90000000e-01  2.80584755e-01 
 1.55531164e-06  7.90000000e-01  2.80585335e-01 
 1.55631164e-06  7.90000000e-01  2.80585911e-01 
 1.55731164e-06  7.90000000e-01  2.80586481e-01 
 1.55831164e-06  7.90000000e-01  2.80587047e-01 
 1.55931164e-06  7.90000000e-01  2.80587608e-01 
 1.56031164e-06  7.90000000e-01  2.80588164e-01 
 1.56131164e-06  7.90000000e-01  2.80588715e-01 
 1.56231164e-06  7.90000000e-01  2.80589261e-01 
 1.56331164e-06  7.90000000e-01  2.80589803e-01 
 1.56431164e-06  7.90000000e-01  2.80590340e-01 
 1.56531164e-06  7.90000000e-01  2.80590872e-01 
 1.56631164e-06  7.90000000e-01  2.80591399e-01 
 1.56731164e-06  7.90000000e-01  2.80591922e-01 
 1.56831164e-06  7.90000000e-01  2.80592439e-01 
 1.56931164e-06  7.90000000e-01  2.80592952e-01 
 1.57031164e-06  7.90000000e-01  2.80593460e-01 
 1.57131164e-06  7.90000000e-01  2.80593964e-01 
 1.57231164e-06  7.90000000e-01  2.80594463e-01 
 1.57331164e-06  7.90000000e-01  2.80594957e-01 
 1.57431164e-06  7.90000000e-01  2.80595446e-01 
 1.57531164e-06  7.90000000e-01  2.80595931e-01 
 1.57631164e-06  7.90000000e-01  2.80596411e-01 
 1.57731164e-06  7.90000000e-01  2.80596886e-01 
 1.57831164e-06  7.90000000e-01  2.80597357e-01 
 1.57931164e-06  7.90000000e-01  2.80597823e-01 
 1.58031164e-06  7.90000000e-01  2.80598284e-01 
 1.58131164e-06  7.90000000e-01  2.80598741e-01 
 1.58231164e-06  7.90000000e-01  2.80599193e-01 
 1.58331164e-06  7.90000000e-01  2.80599641e-01 
 1.58431164e-06  7.90000000e-01  2.80600084e-01 
 1.58531164e-06  7.90000000e-01  2.80600522e-01 
 1.58631164e-06  7.90000000e-01  2.80600956e-01 
 1.58731164e-06  7.90000000e-01  2.80601385e-01 
 1.58831164e-06  7.90000000e-01  2.80601810e-01 
 1.58931164e-06  7.90000000e-01  2.80602230e-01 
 1.59031164e-06  7.90000000e-01  2.80602646e-01 
 1.59131164e-06  7.90000000e-01  2.80603057e-01 
 1.59231164e-06  7.90000000e-01  2.80603464e-01 
 1.59331164e-06  7.90000000e-01  2.80603866e-01 
 1.59431164e-06  7.90000000e-01  2.80604264e-01 
 1.59531164e-06  7.90000000e-01  2.80604658e-01 
 1.59631164e-06  7.90000000e-01  2.80605046e-01 
 1.59731164e-06  7.90000000e-01  2.80605431e-01 
 1.59831164e-06  7.90000000e-01  2.80605811e-01 
 1.59931164e-06  7.90000000e-01  2.80606187e-01 
 1.60031164e-06  7.90000000e-01  2.80606558e-01 
 1.60131164e-06  7.90000000e-01  2.80606925e-01 
 1.60231164e-06  7.90000000e-01  2.80607288e-01 
 1.60331164e-06  7.90000000e-01  2.80607646e-01 
 1.60431164e-06  7.90000000e-01  2.80608000e-01 
 1.60531164e-06  7.90000000e-01  2.80608349e-01 
 1.60631164e-06  7.90000000e-01  2.80608694e-01 
 1.60731164e-06  7.90000000e-01  2.80609035e-01 
 1.60831164e-06  7.90000000e-01  2.80609372e-01 
 1.60931164e-06  7.90000000e-01  2.80609705e-01 
 1.61031164e-06  7.90000000e-01  2.80610033e-01 
 1.61131164e-06  7.90000000e-01  2.80610357e-01 
 1.61231164e-06  7.90000000e-01  2.80610676e-01 
 1.61331164e-06  7.90000000e-01  2.80610992e-01 
 1.61431164e-06  7.90000000e-01  2.80611303e-01 
 1.61531164e-06  7.90000000e-01  2.80611610e-01 
 1.61631164e-06  7.90000000e-01  2.80611913e-01 
 1.61731164e-06  7.90000000e-01  2.80612212e-01 
 1.61831164e-06  7.90000000e-01  2.80612507e-01 
 1.61931164e-06  7.90000000e-01  2.80612797e-01 
 1.62031164e-06  7.90000000e-01  2.80613084e-01 
 1.62131164e-06  7.90000000e-01  2.80613366e-01 
 1.62231164e-06  7.90000000e-01  2.80613644e-01 
 1.62331164e-06  7.90000000e-01  2.80613919e-01 
 1.62431164e-06  7.90000000e-01  2.80614189e-01 
 1.62531164e-06  7.90000000e-01  2.80614455e-01 
 1.62631164e-06  7.90000000e-01  2.80614717e-01 
 1.62731164e-06  7.90000000e-01  2.80614975e-01 
 1.62831164e-06  7.90000000e-01  2.80615229e-01 
 1.62931164e-06  7.90000000e-01  2.80615479e-01 
 1.63031164e-06  7.90000000e-01  2.80615726e-01 
 1.63131164e-06  7.90000000e-01  2.80615968e-01 
 1.63231164e-06  7.90000000e-01  2.80616206e-01 
 1.63331164e-06  7.90000000e-01  2.80616440e-01 
 1.63431164e-06  7.90000000e-01  2.80616671e-01 
 1.63531164e-06  7.90000000e-01  2.80616897e-01 
 1.63631164e-06  7.90000000e-01  2.80617120e-01 
 1.63731164e-06  7.90000000e-01  2.80617339e-01 
 1.63831164e-06  7.90000000e-01  2.80617554e-01 
 1.63931164e-06  7.90000000e-01  2.80617765e-01 
 1.64031164e-06  7.90000000e-01  2.80617973e-01 
 1.64131164e-06  7.90000000e-01  2.80618176e-01 
 1.64231164e-06  7.90000000e-01  2.80618376e-01 
 1.64331164e-06  7.90000000e-01  2.80618572e-01 
 1.64431164e-06  7.90000000e-01  2.80618765e-01 
 1.64531164e-06  7.90000000e-01  2.80618953e-01 
 1.64631164e-06  7.90000000e-01  2.80619138e-01 
 1.64731164e-06  7.90000000e-01  2.80619319e-01 
 1.64831164e-06  7.90000000e-01  2.80619497e-01 
 1.64931164e-06  7.90000000e-01  2.80619671e-01 
 1.65031164e-06  7.90000000e-01  2.80619841e-01 
 1.65131164e-06  7.90000000e-01  2.80620007e-01 
 1.65231164e-06  7.90000000e-01  2.80620170e-01 
 1.65331164e-06  7.90000000e-01  2.80620330e-01 
 1.65431164e-06  7.90000000e-01  2.80620485e-01 
 1.65531164e-06  7.90000000e-01  2.80620638e-01 
 1.65631164e-06  7.90000000e-01  2.80620786e-01 
 1.65731164e-06  7.90000000e-01  2.80620931e-01 
 1.65831164e-06  7.90000000e-01  2.80621073e-01 
 1.65931164e-06  7.90000000e-01  2.80621211e-01 
 1.66031164e-06  7.90000000e-01  2.80621346e-01 
 1.66131164e-06  7.90000000e-01  2.80621477e-01 
 1.66231164e-06  7.90000000e-01  2.80621604e-01 
 1.66331164e-06  7.90000000e-01  2.80621729e-01 
 1.66431164e-06  7.90000000e-01  2.80621849e-01 
 1.66531164e-06  7.90000000e-01  2.80621967e-01 
 1.66631164e-06  7.90000000e-01  2.80622081e-01 
 1.66731164e-06  7.90000000e-01  2.80622192e-01 
 1.66831164e-06  7.90000000e-01  2.80622299e-01 
 1.66931164e-06  7.90000000e-01  2.80622403e-01 
 1.67031164e-06  7.90000000e-01  2.80622503e-01 
 1.67131164e-06  7.90000000e-01  2.80622601e-01 
 1.67231164e-06  7.90000000e-01  2.80622695e-01 
 1.67331164e-06  7.90000000e-01  2.80622786e-01 
 1.67431164e-06  7.90000000e-01  2.80622873e-01 
 1.67531164e-06  7.90000000e-01  2.80622957e-01 
 1.67631164e-06  7.90000000e-01  2.80623038e-01 
 1.67731164e-06  7.90000000e-01  2.80623116e-01 
 1.67831164e-06  7.90000000e-01  2.80623191e-01 
 1.67931164e-06  7.90000000e-01  2.80623262e-01 
 1.68031164e-06  7.90000000e-01  2.80623331e-01 
 1.68131164e-06  7.90000000e-01  2.80623396e-01 
 1.68231164e-06  7.90000000e-01  2.80623458e-01 
 1.68331164e-06  7.90000000e-01  2.80623517e-01 
 1.68431164e-06  7.90000000e-01  2.80623573e-01 
 1.68531164e-06  7.90000000e-01  2.80623625e-01 
 1.68631164e-06  7.90000000e-01  2.80623675e-01 
 1.68731164e-06  7.90000000e-01  2.80623722e-01 
 1.68831164e-06  7.90000000e-01  2.80623766e-01 
 1.68931164e-06  7.90000000e-01  2.80623806e-01 
 1.69031164e-06  7.90000000e-01  2.80623844e-01 
 1.69131164e-06  7.90000000e-01  2.80623879e-01 
 1.69231164e-06  7.90000000e-01  2.80623910e-01 
 1.69331164e-06  7.90000000e-01  2.80623939e-01 
 1.69431164e-06  7.90000000e-01  2.80623965e-01 
 1.69531164e-06  7.90000000e-01  2.80623988e-01 
 1.69631164e-06  7.90000000e-01  2.80624008e-01 
 1.69731164e-06  7.90000000e-01  2.80624025e-01 
 1.69831164e-06  7.90000000e-01  2.80624040e-01 
 1.69931164e-06  7.90000000e-01  2.80624051e-01 
 1.70031164e-06  7.90000000e-01  2.80624060e-01 
 1.70131164e-06  7.90000000e-01  2.80624066e-01 
 1.70231164e-06  7.90000000e-01  2.80624069e-01 
 1.70331164e-06  7.90000000e-01  2.80624069e-01 
 1.70431164e-06  7.90000000e-01  2.80624067e-01 
 1.70531164e-06  7.90000000e-01  2.80624062e-01 
 1.70631164e-06  7.90000000e-01  2.80624054e-01 
 1.70731164e-06  7.90000000e-01  2.80624044e-01 
 1.70831164e-06  7.90000000e-01  2.80624030e-01 
 1.70931164e-06  7.90000000e-01  2.80624014e-01 
 1.71031164e-06  7.90000000e-01  2.80623996e-01 
 1.71131164e-06  7.90000000e-01  2.80623975e-01 
 1.71231164e-06  7.90000000e-01  2.80623951e-01 
 1.71331164e-06  7.90000000e-01  2.80623925e-01 
 1.71431164e-06  7.90000000e-01  2.80623896e-01 
 1.71531164e-06  7.90000000e-01  2.80623864e-01 
 1.71631164e-06  7.90000000e-01  2.80623830e-01 
 1.71731164e-06  7.90000000e-01  2.80623793e-01 
 1.71831164e-06  7.90000000e-01  2.80623754e-01 
 1.71931164e-06  7.90000000e-01  2.80623713e-01 
 1.72031164e-06  7.90000000e-01  2.80623668e-01 
 1.72131164e-06  7.90000000e-01  2.80623622e-01 
 1.72231164e-06  7.90000000e-01  2.80623573e-01 
 1.72331164e-06  7.90000000e-01  2.80623521e-01 
 1.72431164e-06  7.90000000e-01  2.80623467e-01 
 1.72531164e-06  7.90000000e-01  2.80623411e-01 
 1.72631164e-06  7.90000000e-01  2.80623352e-01 
 1.72731164e-06  7.90000000e-01  2.80623291e-01 
 1.72831164e-06  7.90000000e-01  2.80623228e-01 
 1.72931164e-06  7.90000000e-01  2.80623162e-01 
 1.73031164e-06  7.90000000e-01  2.80623094e-01 
 1.73131164e-06  7.90000000e-01  2.80623024e-01 
 1.73231164e-06  7.90000000e-01  2.80622951e-01 
 1.73331164e-06  7.90000000e-01  2.80622876e-01 
 1.73431164e-06  7.90000000e-01  2.80622799e-01 
 1.73531164e-06  7.90000000e-01  2.80622720e-01 
 1.73631164e-06  7.90000000e-01  2.80622638e-01 
 1.73731164e-06  7.90000000e-01  2.80622555e-01 
 1.73831164e-06  7.90000000e-01  2.80622469e-01 
 1.73931164e-06  7.90000000e-01  2.80622381e-01 
 1.74031164e-06  7.90000000e-01  2.80622290e-01 
 1.74131164e-06  7.90000000e-01  2.80622198e-01 
 1.74231164e-06  7.90000000e-01  2.80622103e-01 
 1.74331164e-06  7.90000000e-01  2.80622007e-01 
 1.74431164e-06  7.90000000e-01  2.80621908e-01 
 1.74531164e-06  7.90000000e-01  2.80621807e-01 
 1.74631164e-06  7.90000000e-01  2.80621704e-01 
 1.74731164e-06  7.90000000e-01  2.80621600e-01 
 1.74831164e-06  7.90000000e-01  2.80621493e-01 
 1.74931164e-06  7.90000000e-01  2.80621384e-01 
 1.75031164e-06  7.90000000e-01  2.80621273e-01 
 1.75131164e-06  7.90000000e-01  2.80621160e-01 
 1.75231164e-06  7.90000000e-01  2.80621045e-01 
 1.75331164e-06  7.90000000e-01  2.80620928e-01 
 1.75431164e-06  7.90000000e-01  2.80620810e-01 
 1.75531164e-06  7.90000000e-01  2.80620689e-01 
 1.75631164e-06  7.90000000e-01  2.80620567e-01 
 1.75731164e-06  7.90000000e-01  2.80620442e-01 
 1.75831164e-06  7.90000000e-01  2.80620316e-01 
 1.75931164e-06  7.90000000e-01  2.80620188e-01 
 1.76031164e-06  7.90000000e-01  2.80620058e-01 
 1.76131164e-06  7.90000000e-01  2.80619927e-01 
 1.76231164e-06  7.90000000e-01  2.80619793e-01 
 1.76331164e-06  7.90000000e-01  2.80619658e-01 
 1.76431164e-06  7.90000000e-01  2.80619521e-01 
 1.76531164e-06  7.90000000e-01  2.80619382e-01 
 1.76631164e-06  7.90000000e-01  2.80619242e-01 
 1.76731164e-06  7.90000000e-01  2.80619100e-01 
 1.76831164e-06  7.90000000e-01  2.80618956e-01 
 1.76931164e-06  7.90000000e-01  2.80618810e-01 
 1.77031164e-06  7.90000000e-01  2.80618663e-01 
 1.77131164e-06  7.90000000e-01  2.80618514e-01 
 1.77231164e-06  7.90000000e-01  2.80618363e-01 
 1.77331164e-06  7.90000000e-01  2.80618211e-01 
 1.77431164e-06  7.90000000e-01  2.80618057e-01 
 1.77531164e-06  7.90000000e-01  2.80617902e-01 
 1.77631164e-06  7.90000000e-01  2.80617745e-01 
 1.77731164e-06  7.90000000e-01  2.80617587e-01 
 1.77831164e-06  7.90000000e-01  2.80617427e-01 
 1.77931164e-06  7.90000000e-01  2.80617265e-01 
 1.78031164e-06  7.90000000e-01  2.80617102e-01 
 1.78131164e-06  7.90000000e-01  2.80616937e-01 
 1.78231164e-06  7.90000000e-01  2.80616771e-01 
 1.78331164e-06  7.90000000e-01  2.80616604e-01 
 1.78431164e-06  7.90000000e-01  2.80616435e-01 
 1.78531164e-06  7.90000000e-01  2.80616264e-01 
 1.78631164e-06  7.90000000e-01  2.80616092e-01 
 1.78731164e-06  7.90000000e-01  2.80615919e-01 
 1.78831164e-06  7.90000000e-01  2.80615744e-01 
 1.78931164e-06  7.90000000e-01  2.80615568e-01 
 1.79031164e-06  7.90000000e-01  2.80615391e-01 
 1.79131164e-06  7.90000000e-01  2.80615212e-01 
 1.79231164e-06  7.90000000e-01  2.80615032e-01 
 1.79331164e-06  7.90000000e-01  2.80614851e-01 
 1.79431164e-06  7.90000000e-01  2.80614668e-01 
 1.79531164e-06  7.90000000e-01  2.80614484e-01 
 1.79631164e-06  7.90000000e-01  2.80614299e-01 
 1.79731164e-06  7.90000000e-01  2.80614112e-01 
 1.79831164e-06  7.90000000e-01  2.80613924e-01 
 1.79931164e-06  7.90000000e-01  2.80613735e-01 
 1.80031164e-06  7.90000000e-01  2.80613545e-01 
 1.80131164e-06  7.90000000e-01  2.80613354e-01 
 1.80231164e-06  7.90000000e-01  2.80613161e-01 
 1.80331164e-06  7.90000000e-01  2.80612967e-01 
 1.80431164e-06  7.90000000e-01  2.80612772e-01 
 1.80531164e-06  7.90000000e-01  2.80612576e-01 
 1.80631164e-06  7.90000000e-01  2.80612379e-01 
 1.80731164e-06  7.90000000e-01  2.80612181e-01 
 1.80831164e-06  7.90000000e-01  2.80611981e-01 
 1.80931164e-06  7.90000000e-01  2.80611781e-01 
 1.81031164e-06  7.90000000e-01  2.80611579e-01 
 1.81131164e-06  7.90000000e-01  2.80611376e-01 
 1.81231164e-06  7.90000000e-01  2.80611173e-01 
 1.81331164e-06  7.90000000e-01  2.80610968e-01 
 1.81431164e-06  7.90000000e-01  2.80610762e-01 
 1.81531164e-06  7.90000000e-01  2.80610555e-01 
 1.81631164e-06  7.90000000e-01  2.80610348e-01 
 1.81731164e-06  7.90000000e-01  2.80610139e-01 
 1.81831164e-06  7.90000000e-01  2.80609929e-01 
 1.81931164e-06  7.90000000e-01  2.80609718e-01 
 1.82031164e-06  7.90000000e-01  2.80609507e-01 
 1.82131164e-06  7.90000000e-01  2.80609294e-01 
 1.82231164e-06  7.90000000e-01  2.80609081e-01 
 1.82331164e-06  7.90000000e-01  2.80608867e-01 
 1.82431164e-06  7.90000000e-01  2.80608651e-01 
 1.82531164e-06  7.90000000e-01  2.80608435e-01 
 1.82631164e-06  7.90000000e-01  2.80608218e-01 
 1.82731164e-06  7.90000000e-01  2.80608000e-01 
 1.82831164e-06  7.90000000e-01  2.80607782e-01 
 1.82931164e-06  7.90000000e-01  2.80607562e-01 
 1.83031164e-06  7.90000000e-01  2.80607342e-01 
 1.83131164e-06  7.90000000e-01  2.80607121e-01 
 1.83231164e-06  7.90000000e-01  2.80606899e-01 
 1.83331164e-06  7.90000000e-01  2.80606677e-01 
 1.83431164e-06  7.90000000e-01  2.80606453e-01 
 1.83531164e-06  7.90000000e-01  2.80606229e-01 
 1.83631164e-06  7.90000000e-01  2.80606004e-01 
 1.83731164e-06  7.90000000e-01  2.80605779e-01 
 1.83831164e-06  7.90000000e-01  2.80605553e-01 
 1.83931164e-06  7.90000000e-01  2.80605326e-01 
 1.84031164e-06  7.90000000e-01  2.80605098e-01 
 1.84131164e-06  7.90000000e-01  2.80604870e-01 
 1.84231164e-06  7.90000000e-01  2.80604641e-01 
 1.84331164e-06  7.90000000e-01  2.80604412e-01 
 1.84431164e-06  7.90000000e-01  2.80604181e-01 
 1.84531164e-06  7.90000000e-01  2.80603951e-01 
 1.84631164e-06  7.90000000e-01  2.80603719e-01 
 1.84731164e-06  7.90000000e-01  2.80603487e-01 
 1.84831164e-06  7.90000000e-01  2.80603255e-01 
 1.84931164e-06  7.90000000e-01  2.80603021e-01 
 1.85031164e-06  7.90000000e-01  2.80602788e-01 
 1.85131164e-06  7.90000000e-01  2.80602554e-01 
 1.85231164e-06  7.90000000e-01  2.80602319e-01 
 1.85331164e-06  7.90000000e-01  2.80602084e-01 
 1.85431164e-06  7.90000000e-01  2.80601848e-01 
 1.85531164e-06  7.90000000e-01  2.80601611e-01 
 1.85631164e-06  7.90000000e-01  2.80601375e-01 
 1.85731164e-06  7.90000000e-01  2.80601137e-01 
 1.85831164e-06  7.90000000e-01  2.80600900e-01 
 1.85931164e-06  7.90000000e-01  2.80600662e-01 
 1.86031164e-06  7.90000000e-01  2.80600423e-01 
 1.86131164e-06  7.90000000e-01  2.80600184e-01 
 1.86231164e-06  7.90000000e-01  2.80599945e-01 
 1.86331164e-06  7.90000000e-01  2.80599705e-01 
 1.86431164e-06  7.90000000e-01  2.80599465e-01 
 1.86531164e-06  7.90000000e-01  2.80599224e-01 
 1.86631164e-06  7.90000000e-01  2.80598983e-01 
 1.86731164e-06  7.90000000e-01  2.80598742e-01 
 1.86831164e-06  7.90000000e-01  2.80598500e-01 
 1.86931164e-06  7.90000000e-01  2.80598258e-01 
 1.87031164e-06  7.90000000e-01  2.80598016e-01 
 1.87131164e-06  7.90000000e-01  2.80597773e-01 
 1.87231164e-06  7.90000000e-01  2.80597530e-01 
 1.87331164e-06  7.90000000e-01  2.80597287e-01 
 1.87431164e-06  7.90000000e-01  2.80597043e-01 
 1.87531164e-06  7.90000000e-01  2.80596800e-01 
 1.87631164e-06  7.90000000e-01  2.80596556e-01 
 1.87731164e-06  7.90000000e-01  2.80596311e-01 
 1.87831164e-06  7.90000000e-01  2.80596067e-01 
 1.87931164e-06  7.90000000e-01  2.80595822e-01 
 1.88031164e-06  7.90000000e-01  2.80595577e-01 
 1.88131164e-06  7.90000000e-01  2.80595332e-01 
 1.88231164e-06  7.90000000e-01  2.80595086e-01 
 1.88331164e-06  7.90000000e-01  2.80594841e-01 
 1.88431164e-06  7.90000000e-01  2.80594595e-01 
 1.88531164e-06  7.90000000e-01  2.80594349e-01 
 1.88631164e-06  7.90000000e-01  2.80594103e-01 
 1.88731164e-06  7.90000000e-01  2.80593857e-01 
 1.88831164e-06  7.90000000e-01  2.80593610e-01 
 1.88931164e-06  7.90000000e-01  2.80593364e-01 
 1.89031164e-06  7.90000000e-01  2.80593117e-01 
 1.89131164e-06  7.90000000e-01  2.80592871e-01 
 1.89231164e-06  7.90000000e-01  2.80592624e-01 
 1.89331164e-06  7.90000000e-01  2.80592377e-01 
 1.89431164e-06  7.90000000e-01  2.80592130e-01 
 1.89531164e-06  7.90000000e-01  2.80591883e-01 
 1.89631164e-06  7.90000000e-01  2.80591636e-01 
 1.89731164e-06  7.90000000e-01  2.80591388e-01 
 1.89831164e-06  7.90000000e-01  2.80591141e-01 
 1.89931164e-06  7.90000000e-01  2.80590894e-01 
 1.90031164e-06  7.90000000e-01  2.80590647e-01 
 1.90131164e-06  7.90000000e-01  2.80590399e-01 
 1.90231164e-06  7.90000000e-01  2.80590152e-01 
 1.90331164e-06  7.90000000e-01  2.80589905e-01 
 1.90431164e-06  7.90000000e-01  2.80589658e-01 
 1.90531164e-06  7.90000000e-01  2.80589410e-01 
 1.90631164e-06  7.90000000e-01  2.80589163e-01 
 1.90731164e-06  7.90000000e-01  2.80588916e-01 
 1.90831164e-06  7.90000000e-01  2.80588669e-01 
 1.90931164e-06  7.90000000e-01  2.80588422e-01 
 1.91031164e-06  7.90000000e-01  2.80588175e-01 
 1.91131164e-06  7.90000000e-01  2.80587928e-01 
 1.91231164e-06  7.90000000e-01  2.80587681e-01 
 1.91331164e-06  7.90000000e-01  2.80587434e-01 
 1.91431164e-06  7.90000000e-01  2.80587188e-01 
 1.91531164e-06  7.90000000e-01  2.80586941e-01 
 1.91631164e-06  7.90000000e-01  2.80586695e-01 
 1.91731164e-06  7.90000000e-01  2.80586448e-01 
 1.91831164e-06  7.90000000e-01  2.80586202e-01 
 1.91931164e-06  7.90000000e-01  2.80585956e-01 
 1.92031164e-06  7.90000000e-01  2.80585710e-01 
 1.92131164e-06  7.90000000e-01  2.80585465e-01 
 1.92231164e-06  7.90000000e-01  2.80585219e-01 
 1.92331164e-06  7.90000000e-01  2.80584974e-01 
 1.92431164e-06  7.90000000e-01  2.80584729e-01 
 1.92531164e-06  7.90000000e-01  2.80584484e-01 
 1.92631164e-06  7.90000000e-01  2.80584239e-01 
 1.92731164e-06  7.90000000e-01  2.80583994e-01 
 1.92831164e-06  7.90000000e-01  2.80583750e-01 
 1.92931164e-06  7.90000000e-01  2.80583506e-01 
 1.93031164e-06  7.90000000e-01  2.80583262e-01 
 1.93131164e-06  7.90000000e-01  2.80583018e-01 
 1.93231164e-06  7.90000000e-01  2.80582775e-01 
 1.93331164e-06  7.90000000e-01  2.80582532e-01 
 1.93431164e-06  7.90000000e-01  2.80582289e-01 
 1.93531164e-06  7.90000000e-01  2.80582046e-01 
 1.93631164e-06  7.90000000e-01  2.80581804e-01 
 1.93731164e-06  7.90000000e-01  2.80581562e-01 
 1.93831164e-06  7.90000000e-01  2.80581320e-01 
 1.93931164e-06  7.90000000e-01  2.80581079e-01 
 1.94031164e-06  7.90000000e-01  2.80580837e-01 
 1.94131164e-06  7.90000000e-01  2.80580596e-01 
 1.94231164e-06  7.90000000e-01  2.80580356e-01 
 1.94331164e-06  7.90000000e-01  2.80580116e-01 
 1.94431164e-06  7.90000000e-01  2.80579876e-01 
 1.94531164e-06  7.90000000e-01  2.80579636e-01 
 1.94631164e-06  7.90000000e-01  2.80579397e-01 
 1.94731164e-06  7.90000000e-01  2.80579158e-01 
 1.94831164e-06  7.90000000e-01  2.80578920e-01 
 1.94931164e-06  7.90000000e-01  2.80578681e-01 
 1.95031164e-06  7.90000000e-01  2.80578444e-01 
 1.95131164e-06  7.90000000e-01  2.80578206e-01 
 1.95231164e-06  7.90000000e-01  2.80577969e-01 
 1.95331164e-06  7.90000000e-01  2.80577733e-01 
 1.95431164e-06  7.90000000e-01  2.80577496e-01 
 1.95531164e-06  7.90000000e-01  2.80577261e-01 
 1.95631164e-06  7.90000000e-01  2.80577025e-01 
 1.95731164e-06  7.90000000e-01  2.80576790e-01 
 1.95831164e-06  7.90000000e-01  2.80576556e-01 
 1.95931164e-06  7.90000000e-01  2.80576321e-01 
 1.96031164e-06  7.90000000e-01  2.80576088e-01 
 1.96131164e-06  7.90000000e-01  2.80575854e-01 
 1.96231164e-06  7.90000000e-01  2.80575622e-01 
 1.96331164e-06  7.90000000e-01  2.80575389e-01 
 1.96431164e-06  7.90000000e-01  2.80575157e-01 
 1.96531164e-06  7.90000000e-01  2.80574926e-01 
 1.96631164e-06  7.90000000e-01  2.80574695e-01 
 1.96731164e-06  7.90000000e-01  2.80574464e-01 
 1.96831164e-06  7.90000000e-01  2.80574234e-01 
 1.96931164e-06  7.90000000e-01  2.80574005e-01 
 1.97031164e-06  7.90000000e-01  2.80573776e-01 
 1.97131164e-06  7.90000000e-01  2.80573547e-01 
 1.97231164e-06  7.90000000e-01  2.80573319e-01 
 1.97331164e-06  7.90000000e-01  2.80573091e-01 
 1.97431164e-06  7.90000000e-01  2.80572864e-01 
 1.97531164e-06  7.90000000e-01  2.80572638e-01 
 1.97631164e-06  7.90000000e-01  2.80572412e-01 
 1.97731164e-06  7.90000000e-01  2.80572186e-01 
 1.97831164e-06  7.90000000e-01  2.80571961e-01 
 1.97931164e-06  7.90000000e-01  2.80571737e-01 
 1.98031164e-06  7.90000000e-01  2.80571513e-01 
 1.98131164e-06  7.90000000e-01  2.80571290e-01 
 1.98231164e-06  7.90000000e-01  2.80571067e-01 
 1.98331164e-06  7.90000000e-01  2.80570845e-01 
 1.98431164e-06  7.90000000e-01  2.80570623e-01 
 1.98531164e-06  7.90000000e-01  2.80570402e-01 
 1.98631164e-06  7.90000000e-01  2.80570182e-01 
 1.98731164e-06  7.90000000e-01  2.80569962e-01 
 1.98831164e-06  7.90000000e-01  2.80569742e-01 
 1.98931164e-06  7.90000000e-01  2.80569524e-01 
 1.99031164e-06  7.90000000e-01  2.80569305e-01 
 1.99131164e-06  7.90000000e-01  2.80569088e-01 
 1.99231164e-06  7.90000000e-01  2.80568871e-01 
 1.99331164e-06  7.90000000e-01  2.80568655e-01 
 1.99431164e-06  7.90000000e-01  2.80568439e-01 
 1.99531164e-06  7.90000000e-01  2.80568224e-01 
 1.99631164e-06  7.90000000e-01  2.80568009e-01 
 1.99731164e-06  7.90000000e-01  2.80567795e-01 
 1.99831164e-06  7.90000000e-01  2.80567582e-01 
 1.99931164e-06  7.90000000e-01  2.80567369e-01 
 2.00031164e-06  7.90000000e-01  2.80567157e-01 
 2.00131164e-06  7.90000000e-01  2.80566946e-01 
 2.00231164e-06  7.90000000e-01  2.80566735e-01 
 2.00331164e-06  7.90000000e-01  2.80566525e-01 
 2.00431164e-06  7.90000000e-01  2.80566315e-01 
 2.00531164e-06  7.90000000e-01  2.80566107e-01 
 2.00631164e-06  7.90000000e-01  2.80565898e-01 
 2.00731164e-06  7.90000000e-01  2.80565691e-01 
 2.00831164e-06  7.90000000e-01  2.80565484e-01 
 2.00931164e-06  7.90000000e-01  2.80565278e-01 
 2.01031164e-06  7.90000000e-01  2.80565072e-01 
 2.01131164e-06  7.90000000e-01  2.80564867e-01 
 2.01231164e-06  7.90000000e-01  2.80564663e-01 
 2.01331164e-06  7.90000000e-01  2.80564460e-01 
 2.01431164e-06  7.90000000e-01  2.80564257e-01 
 2.01531164e-06  7.90000000e-01  2.80564055e-01 
 2.01631164e-06  7.90000000e-01  2.80563853e-01 
 2.01731164e-06  7.90000000e-01  2.80563653e-01 
 2.01831164e-06  7.90000000e-01  2.80563453e-01 
 2.01931164e-06  7.90000000e-01  2.80563253e-01 
 2.02031164e-06  7.90000000e-01  2.80563055e-01 
 2.02131164e-06  7.90000000e-01  2.80562857e-01 
 2.02231164e-06  7.90000000e-01  2.80562660e-01 
 2.02331164e-06  7.90000000e-01  2.80562463e-01 
 2.02431164e-06  7.90000000e-01  2.80562267e-01 
 2.02531164e-06  7.90000000e-01  2.80562072e-01 
 2.02631164e-06  7.90000000e-01  2.80561878e-01 
 2.02731164e-06  7.90000000e-01  2.80561684e-01 
 2.02831164e-06  7.90000000e-01  2.80561491e-01 
 2.02931164e-06  7.90000000e-01  2.80561299e-01 
 2.03031164e-06  7.90000000e-01  2.80561108e-01 
 2.03131164e-06  7.90000000e-01  2.80560917e-01 
 2.03231164e-06  7.90000000e-01  2.80560727e-01 
 2.03331164e-06  7.90000000e-01  2.80560538e-01 
 2.03431164e-06  7.90000000e-01  2.80560349e-01 
 2.03531164e-06  7.90000000e-01  2.80560161e-01 
 2.03631164e-06  7.90000000e-01  2.80559974e-01 
 2.03731164e-06  7.90000000e-01  2.80559788e-01 
 2.03831164e-06  7.90000000e-01  2.80559602e-01 
 2.03931164e-06  7.90000000e-01  2.80559418e-01 
 2.04031164e-06  7.90000000e-01  2.80559234e-01 
 2.04131164e-06  7.90000000e-01  2.80559050e-01 
 2.04231164e-06  7.90000000e-01  2.80558868e-01 
 2.04331164e-06  7.90000000e-01  2.80558686e-01 
 2.04431164e-06  7.90000000e-01  2.80558505e-01 
 2.04531164e-06  7.90000000e-01  2.80558325e-01 
 2.04631164e-06  7.90000000e-01  2.80558146e-01 
 2.04731164e-06  7.90000000e-01  2.80557967e-01 
 2.04831164e-06  7.90000000e-01  2.80557789e-01 
 2.04931164e-06  7.90000000e-01  2.80557612e-01 
 2.05031164e-06  7.90000000e-01  2.80557435e-01 
 2.05131164e-06  7.90000000e-01  2.80557260e-01 
 2.05231164e-06  7.90000000e-01  2.80557085e-01 
 2.05331164e-06  7.90000000e-01  2.80556911e-01 
 2.05431164e-06  7.90000000e-01  2.80556738e-01 
 2.05531164e-06  7.90000000e-01  2.80556565e-01 
 2.05631164e-06  7.90000000e-01  2.80556394e-01 
 2.05731164e-06  7.90000000e-01  2.80556223e-01 
 2.05831164e-06  7.90000000e-01  2.80556052e-01 
 2.05931164e-06  7.90000000e-01  2.80555883e-01 
 2.06031164e-06  7.90000000e-01  2.80555715e-01 
 2.06131164e-06  7.90000000e-01  2.80555547e-01 
 2.06231164e-06  7.90000000e-01  2.80555380e-01 
 2.06331164e-06  7.90000000e-01  2.80555214e-01 
 2.06431164e-06  7.90000000e-01  2.80555048e-01 
 2.06531164e-06  7.90000000e-01  2.80554884e-01 
 2.06631164e-06  7.90000000e-01  2.80554720e-01 
 2.06731164e-06  7.90000000e-01  2.80554557e-01 
 2.06831164e-06  7.90000000e-01  2.80554395e-01 
 2.06931164e-06  7.90000000e-01  2.80554234e-01 
 2.07031164e-06  7.90000000e-01  2.80554073e-01 
 2.07131164e-06  7.90000000e-01  2.80553913e-01 
 2.07231164e-06  7.90000000e-01  2.80553754e-01 
 2.07331164e-06  7.90000000e-01  2.80553596e-01 
 2.07431164e-06  7.90000000e-01  2.80553439e-01 
 2.07531164e-06  7.90000000e-01  2.80553282e-01 
 2.07631164e-06  7.90000000e-01  2.80553126e-01 
 2.07731164e-06  7.90000000e-01  2.80552971e-01 
 2.07831164e-06  7.90000000e-01  2.80552817e-01 
 2.07931164e-06  7.90000000e-01  2.80552664e-01 
 2.08031164e-06  7.90000000e-01  2.80552512e-01 
 2.08131164e-06  7.90000000e-01  2.80552360e-01 
 2.08231164e-06  7.90000000e-01  2.80552209e-01 
 2.08331164e-06  7.90000000e-01  2.80552059e-01 
 2.08431164e-06  7.90000000e-01  2.80551910e-01 
 2.08531164e-06  7.90000000e-01  2.80551761e-01 
 2.08631164e-06  7.90000000e-01  2.80551614e-01 
 2.08731164e-06  7.90000000e-01  2.80551467e-01 
 2.08831164e-06  7.90000000e-01  2.80551321e-01 
 2.08931164e-06  7.90000000e-01  2.80551176e-01 
 2.09031164e-06  7.90000000e-01  2.80551031e-01 
 2.09131164e-06  7.90000000e-01  2.80550888e-01 
 2.09231164e-06  7.90000000e-01  2.80550745e-01 
 2.09331164e-06  7.90000000e-01  2.80550603e-01 
 2.09431164e-06  7.90000000e-01  2.80550462e-01 
 2.09531164e-06  7.90000000e-01  2.80550322e-01 
 2.09631164e-06  7.90000000e-01  2.80550182e-01 
 2.09731164e-06  7.90000000e-01  2.80550044e-01 
 2.09831164e-06  7.90000000e-01  2.80549906e-01 
 2.09931164e-06  7.90000000e-01  2.80549769e-01 
 2.10031164e-06  7.90000000e-01  2.80549632e-01 
 2.10131164e-06  7.90000000e-01  2.80549497e-01 
 2.10231164e-06  7.90000000e-01  2.80549363e-01 
 2.10331164e-06  7.90000000e-01  2.80549229e-01 
 2.10431164e-06  7.90000000e-01  2.80549096e-01 
 2.10531164e-06  7.90000000e-01  2.80548964e-01 
 2.10631164e-06  7.90000000e-01  2.80548832e-01 
 2.10731164e-06  7.90000000e-01  2.80548702e-01 
 2.10831164e-06  7.90000000e-01  2.80548572e-01 
 2.10931164e-06  7.90000000e-01  2.80548443e-01 
 2.11031164e-06  7.90000000e-01  2.80548315e-01 
 2.11131164e-06  7.90000000e-01  2.80548188e-01 
 2.11231164e-06  7.90000000e-01  2.80548062e-01 
 2.11331164e-06  7.90000000e-01  2.80547936e-01 
 2.11431164e-06  7.90000000e-01  2.80547811e-01 
 2.11531164e-06  7.90000000e-01  2.80547688e-01 
 2.11631164e-06  7.90000000e-01  2.80547564e-01 
 2.11731164e-06  7.90000000e-01  2.80547442e-01 
 2.11831164e-06  7.90000000e-01  2.80547321e-01 
 2.11931164e-06  7.90000000e-01  2.80547200e-01 
 2.12031164e-06  7.90000000e-01  2.80547080e-01 
 2.12131164e-06  7.90000000e-01  2.80546961e-01 
 2.12231164e-06  7.90000000e-01  2.80546843e-01 
 2.12331164e-06  7.90000000e-01  2.80546725e-01 
 2.12431164e-06  7.90000000e-01  2.80546609e-01 
 2.12531164e-06  7.90000000e-01  2.80546493e-01 
 2.12631164e-06  7.90000000e-01  2.80546378e-01 
 2.12731164e-06  7.90000000e-01  2.80546263e-01 
 2.12831164e-06  7.90000000e-01  2.80546150e-01 
 2.12931164e-06  7.90000000e-01  2.80546037e-01 
 2.13031164e-06  7.90000000e-01  2.80545926e-01 
 2.13131164e-06  7.90000000e-01  2.80545815e-01 
 2.13231164e-06  7.90000000e-01  2.80545704e-01 
 2.13331164e-06  7.90000000e-01  2.80545595e-01 
 2.13431164e-06  7.90000000e-01  2.80545486e-01 
 2.13531164e-06  7.90000000e-01  2.80545379e-01 
 2.13631164e-06  7.90000000e-01  2.80545272e-01 
 2.13731164e-06  7.90000000e-01  2.80545166e-01 
 2.13831164e-06  7.90000000e-01  2.80545060e-01 
 2.13931164e-06  7.90000000e-01  2.80544956e-01 
 2.14031164e-06  7.90000000e-01  2.80544852e-01 
 2.14131164e-06  7.90000000e-01  2.80544749e-01 
 2.14231164e-06  7.90000000e-01  2.80544647e-01 
 2.14331164e-06  7.90000000e-01  2.80544545e-01 
 2.14431164e-06  7.90000000e-01  2.80544445e-01 
 2.14531164e-06  7.90000000e-01  2.80544345e-01 
 2.14631164e-06  7.90000000e-01  2.80544246e-01 
 2.14731164e-06  7.90000000e-01  2.80544147e-01 
 2.14831164e-06  7.90000000e-01  2.80544050e-01 
 2.14931164e-06  7.90000000e-01  2.80543953e-01 
 2.15031164e-06  7.90000000e-01  2.80543857e-01 
 2.15131164e-06  7.90000000e-01  2.80543762e-01 
 2.15231164e-06  7.90000000e-01  2.80543668e-01 
 2.15331164e-06  7.90000000e-01  2.80543574e-01 
 2.15431164e-06  7.90000000e-01  2.80543482e-01 
 2.15531164e-06  7.90000000e-01  2.80543390e-01 
 2.15631164e-06  7.90000000e-01  2.80543299e-01 
 2.15731164e-06  7.90000000e-01  2.80543208e-01 
 2.15831164e-06  7.90000000e-01  2.80543118e-01 
 2.15931164e-06  7.90000000e-01  2.80543030e-01 
 2.16031164e-06  7.90000000e-01  2.80542941e-01 
 2.16131164e-06  7.90000000e-01  2.80542854e-01 
 2.16231164e-06  7.90000000e-01  2.80542768e-01 
 2.16331164e-06  7.90000000e-01  2.80542682e-01 
 2.16431164e-06  7.90000000e-01  2.80542597e-01 
 2.16531164e-06  7.90000000e-01  2.80542512e-01 
 2.16631164e-06  7.90000000e-01  2.80542429e-01 
 2.16731164e-06  7.90000000e-01  2.80542346e-01 
 2.16831164e-06  7.90000000e-01  2.80542264e-01 
 2.16931164e-06  7.90000000e-01  2.80542183e-01 
 2.17031164e-06  7.90000000e-01  2.80542102e-01 
 2.17131164e-06  7.90000000e-01  2.80542023e-01 
 2.17231164e-06  7.90000000e-01  2.80541944e-01 
 2.17331164e-06  7.90000000e-01  2.80541866e-01 
 2.17431164e-06  7.90000000e-01  2.80541788e-01 
 2.17531164e-06  7.90000000e-01  2.80541711e-01 
 2.17631164e-06  7.90000000e-01  2.80541635e-01 
 2.17731164e-06  7.90000000e-01  2.80541560e-01 
 2.17831164e-06  7.90000000e-01  2.80541486e-01 
 2.17931164e-06  7.90000000e-01  2.80541412e-01 
 2.18031164e-06  7.90000000e-01  2.80541339e-01 
 2.18131164e-06  7.90000000e-01  2.80541267e-01 
 2.18231164e-06  7.90000000e-01  2.80541195e-01 
 2.18331164e-06  7.90000000e-01  2.80541124e-01 
 2.18431164e-06  7.90000000e-01  2.80541054e-01 
 2.18531164e-06  7.90000000e-01  2.80540985e-01 
 2.18631164e-06  7.90000000e-01  2.80540916e-01 
 2.18731164e-06  7.90000000e-01  2.80540848e-01 
 2.18831164e-06  7.90000000e-01  2.80540781e-01 
 2.18931164e-06  7.90000000e-01  2.80540715e-01 
 2.19031164e-06  7.90000000e-01  2.80540649e-01 
 2.19131164e-06  7.90000000e-01  2.80540584e-01 
 2.19231164e-06  7.90000000e-01  2.80540520e-01 
 2.19331164e-06  7.90000000e-01  2.80540456e-01 
 2.19431164e-06  7.90000000e-01  2.80540393e-01 
 2.19531164e-06  7.90000000e-01  2.80540331e-01 
 2.19631164e-06  7.90000000e-01  2.80540269e-01 
 2.19731164e-06  7.90000000e-01  2.80540209e-01 
 2.19831164e-06  7.90000000e-01  2.80540149e-01 
 2.19931164e-06  7.90000000e-01  2.80540089e-01 
 2.20031164e-06  7.90000000e-01  2.80540031e-01 
 2.20131164e-06  7.90000000e-01  2.80539973e-01 
 2.20231164e-06  7.90000000e-01  2.80539915e-01 
 2.20331164e-06  7.90000000e-01  2.80539859e-01 
 2.20431164e-06  7.90000000e-01  2.80539803e-01 
 2.20531164e-06  7.90000000e-01  2.80539748e-01 
 2.20631164e-06  7.90000000e-01  2.80539693e-01 
 2.20731164e-06  7.90000000e-01  2.80539640e-01 
 2.20831164e-06  7.90000000e-01  2.80539586e-01 
 2.20931164e-06  7.90000000e-01  2.80539534e-01 
 2.21031164e-06  7.90000000e-01  2.80539482e-01 
 2.21131164e-06  7.90000000e-01  2.80539431e-01 
 2.21231164e-06  7.90000000e-01  2.80539381e-01 
 2.21331164e-06  7.90000000e-01  2.80539331e-01 
 2.21431164e-06  7.90000000e-01  2.80539282e-01 
 2.21531164e-06  7.90000000e-01  2.80539233e-01 
 2.21631164e-06  7.90000000e-01  2.80539186e-01 
 2.21731164e-06  7.90000000e-01  2.80539138e-01 
 2.21831164e-06  7.90000000e-01  2.80539092e-01 
 2.21931164e-06  7.90000000e-01  2.80539046e-01 
 2.22031164e-06  7.90000000e-01  2.80539001e-01 
 2.22131164e-06  7.90000000e-01  2.80538957e-01 
 2.22231164e-06  7.90000000e-01  2.80538913e-01 
 2.22331164e-06  7.90000000e-01  2.80538870e-01 
 2.22431164e-06  7.90000000e-01  2.80538827e-01 
 2.22531164e-06  7.90000000e-01  2.80538785e-01 
 2.22631164e-06  7.90000000e-01  2.80538744e-01 
 2.22731164e-06  7.90000000e-01  2.80538703e-01 
 2.22831164e-06  7.90000000e-01  2.80538663e-01 
 2.22931164e-06  7.90000000e-01  2.80538624e-01 
 2.23031164e-06  7.90000000e-01  2.80538585e-01 
 2.23131164e-06  7.90000000e-01  2.80538547e-01 
 2.23231164e-06  7.90000000e-01  2.80538510e-01 
 2.23331164e-06  7.90000000e-01  2.80538473e-01 
 2.23431164e-06  7.90000000e-01  2.80538437e-01 
 2.23531164e-06  7.90000000e-01  2.80538401e-01 
 2.23631164e-06  7.90000000e-01  2.80538366e-01 
 2.23731164e-06  7.90000000e-01  2.80538332e-01 
 2.23831164e-06  7.90000000e-01  2.80538298e-01 
 2.23931164e-06  7.90000000e-01  2.80538265e-01 
 2.24031164e-06  7.90000000e-01  2.80538232e-01 
 2.24131164e-06  7.90000000e-01  2.80538200e-01 
 2.24231164e-06  7.90000000e-01  2.80538169e-01 
 2.24331164e-06  7.90000000e-01  2.80538138e-01 
 2.24431164e-06  7.90000000e-01  2.80538108e-01 
 2.24531164e-06  7.90000000e-01  2.80538079e-01 
 2.24631164e-06  7.90000000e-01  2.80538050e-01 
 2.24731164e-06  7.90000000e-01  2.80538021e-01 
 2.24831164e-06  7.90000000e-01  2.80537994e-01 
 2.24931164e-06  7.90000000e-01  2.80537966e-01 
 2.25031164e-06  7.90000000e-01  2.80537940e-01 
 2.25131164e-06  7.90000000e-01  2.80537914e-01 
 2.25231164e-06  7.90000000e-01  2.80537888e-01 
 2.25331164e-06  7.90000000e-01  2.80537863e-01 
 2.25431164e-06  7.90000000e-01  2.80537839e-01 
 2.25531164e-06  7.90000000e-01  2.80537815e-01 
 2.25631164e-06  7.90000000e-01  2.80537792e-01 
 2.25731164e-06  7.90000000e-01  2.80537769e-01 
 2.25831164e-06  7.90000000e-01  2.80537747e-01 
 2.25931164e-06  7.90000000e-01  2.80537726e-01 
 2.26031164e-06  7.90000000e-01  2.80537705e-01 
 2.26131164e-06  7.90000000e-01  2.80537684e-01 
 2.26231164e-06  7.90000000e-01  2.80537665e-01 
 2.26331164e-06  7.90000000e-01  2.80537645e-01 
 2.26431164e-06  7.90000000e-01  2.80537627e-01 
 2.26531164e-06  7.90000000e-01  2.80537608e-01 
 2.26631164e-06  7.90000000e-01  2.80537591e-01 
 2.26731164e-06  7.90000000e-01  2.80537574e-01 
 2.26831164e-06  7.90000000e-01  2.80537557e-01 
 2.26931164e-06  7.90000000e-01  2.80537541e-01 
 2.27031164e-06  7.90000000e-01  2.80537525e-01 
 2.27131164e-06  7.90000000e-01  2.80537510e-01 
 2.27231164e-06  7.90000000e-01  2.80537496e-01 
 2.27331164e-06  7.90000000e-01  2.80537482e-01 
 2.27431164e-06  7.90000000e-01  2.80537468e-01 
 2.27531164e-06  7.90000000e-01  2.80537455e-01 
 2.27631164e-06  7.90000000e-01  2.80537443e-01 
 2.27731164e-06  7.90000000e-01  2.80537431e-01 
 2.27831164e-06  7.90000000e-01  2.80537420e-01 
 2.27931164e-06  7.90000000e-01  2.80537409e-01 
 2.28031164e-06  7.90000000e-01  2.80537398e-01 
 2.28131164e-06  7.90000000e-01  2.80537388e-01 
 2.28231164e-06  7.90000000e-01  2.80537379e-01 
 2.28331164e-06  7.90000000e-01  2.80537370e-01 
 2.28431164e-06  7.90000000e-01  2.80537362e-01 
 2.28531164e-06  7.90000000e-01  2.80537354e-01 
 2.28631164e-06  7.90000000e-01  2.80537346e-01 
 2.28731164e-06  7.90000000e-01  2.80537339e-01 
 2.28831164e-06  7.90000000e-01  2.80537333e-01 
 2.28931164e-06  7.90000000e-01  2.80537327e-01 
 2.29031164e-06  7.90000000e-01  2.80537321e-01 
 2.29131164e-06  7.90000000e-01  2.80537316e-01 
 2.29231164e-06  7.90000000e-01  2.80537311e-01 
 2.29331164e-06  7.90000000e-01  2.80537307e-01 
 2.29431164e-06  7.90000000e-01  2.80537304e-01 
 2.29531164e-06  7.90000000e-01  2.80537300e-01 
 2.29631164e-06  7.90000000e-01  2.80537298e-01 
 2.29731164e-06  7.90000000e-01  2.80537295e-01 
 2.29831164e-06  7.90000000e-01  2.80537294e-01 
 2.29931164e-06  7.90000000e-01  2.80537292e-01 
 2.30031164e-06  7.90000000e-01  2.80537291e-01 
 2.30131164e-06  7.90000000e-01  2.80537291e-01 
 2.30231164e-06  7.90000000e-01  2.80537291e-01 
 2.30331164e-06  7.90000000e-01  2.80537291e-01 
 2.30431164e-06  7.90000000e-01  2.80537292e-01 
 2.30531164e-06  7.90000000e-01  2.80537293e-01 
 2.30631164e-06  7.90000000e-01  2.80537295e-01 
 2.30731164e-06  7.90000000e-01  2.80537297e-01 
 2.30831164e-06  7.90000000e-01  2.80537299e-01 
 2.30931164e-06  7.90000000e-01  2.80537302e-01 
 2.31031164e-06  7.90000000e-01  2.80537306e-01 
 2.31131164e-06  7.90000000e-01  2.80537310e-01 
 2.31231164e-06  7.90000000e-01  2.80537314e-01 
 2.31331164e-06  7.90000000e-01  2.80537318e-01 
 2.31431164e-06  7.90000000e-01  2.80537323e-01 
 2.31531164e-06  7.90000000e-01  2.80537329e-01 
 2.31631164e-06  7.90000000e-01  2.80537335e-01 
 2.31731164e-06  7.90000000e-01  2.80537341e-01 
 2.31831164e-06  7.90000000e-01  2.80537348e-01 
 2.31931164e-06  7.90000000e-01  2.80537355e-01 
 2.32031164e-06  7.90000000e-01  2.80537362e-01 
 2.32131164e-06  7.90000000e-01  2.80537370e-01 
 2.32231164e-06  7.90000000e-01  2.80537378e-01 
 2.32331164e-06  7.90000000e-01  2.80537387e-01 
 2.32431164e-06  7.90000000e-01  2.80537396e-01 
 2.32531164e-06  7.90000000e-01  2.80537405e-01 
 2.32631164e-06  7.90000000e-01  2.80537415e-01 
 2.32731164e-06  7.90000000e-01  2.80537425e-01 
 2.32831164e-06  7.90000000e-01  2.80537436e-01 
 2.32931164e-06  7.90000000e-01  2.80537446e-01 
 2.33031164e-06  7.90000000e-01  2.80537458e-01 
 2.33131164e-06  7.90000000e-01  2.80537469e-01 
 2.33231164e-06  7.90000000e-01  2.80537481e-01 
 2.33331164e-06  7.90000000e-01  2.80537494e-01 
 2.33431164e-06  7.90000000e-01  2.80537506e-01 
 2.33531164e-06  7.90000000e-01  2.80537519e-01 
 2.33631164e-06  7.90000000e-01  2.80537533e-01 
 2.33731164e-06  7.90000000e-01  2.80537546e-01 
 2.33831164e-06  7.90000000e-01  2.80537560e-01 
 2.33931164e-06  7.90000000e-01  2.80537575e-01 
 2.34031164e-06  7.90000000e-01  2.80537590e-01 
 2.34131164e-06  7.90000000e-01  2.80537605e-01 
 2.34231164e-06  7.90000000e-01  2.80537620e-01 
 2.34331164e-06  7.90000000e-01  2.80537636e-01 
 2.34431164e-06  7.90000000e-01  2.80537652e-01 
 2.34531164e-06  7.90000000e-01  2.80537668e-01 
 2.34631164e-06  7.90000000e-01  2.80537685e-01 
 2.34731164e-06  7.90000000e-01  2.80537702e-01 
 2.34831164e-06  7.90000000e-01  2.80537720e-01 
 2.34931164e-06  7.90000000e-01  2.80537737e-01 
 2.35031164e-06  7.90000000e-01  2.80537755e-01 
 2.35131164e-06  7.90000000e-01  2.80537774e-01 
 2.35231164e-06  7.90000000e-01  2.80537792e-01 
 2.35331164e-06  7.90000000e-01  2.80537811e-01 
 2.35431164e-06  7.90000000e-01  2.80537831e-01 
 2.35531164e-06  7.90000000e-01  2.80537850e-01 
 2.35631164e-06  7.90000000e-01  2.80537870e-01 
 2.35731164e-06  7.90000000e-01  2.80537890e-01 
 2.35831164e-06  7.90000000e-01  2.80537911e-01 
 2.35931164e-06  7.90000000e-01  2.80537931e-01 
 2.36031164e-06  7.90000000e-01  2.80537952e-01 
 2.36131164e-06  7.90000000e-01  2.80537974e-01 
 2.36231164e-06  7.90000000e-01  2.80537995e-01 
 2.36331164e-06  7.90000000e-01  2.80538017e-01 
 2.36431164e-06  7.90000000e-01  2.80538039e-01 
 2.36531164e-06  7.90000000e-01  2.80538062e-01 
 2.36631164e-06  7.90000000e-01  2.80538084e-01 
 2.36731164e-06  7.90000000e-01  2.80538107e-01 
 2.36831164e-06  7.90000000e-01  2.80538131e-01 
 2.36931164e-06  7.90000000e-01  2.80538154e-01 
 2.37031164e-06  7.90000000e-01  2.80538178e-01 
 2.37131164e-06  7.90000000e-01  2.80538202e-01 
 2.37231164e-06  7.90000000e-01  2.80538226e-01 
 2.37331164e-06  7.90000000e-01  2.80538251e-01 
 2.37431164e-06  7.90000000e-01  2.80538276e-01 
 2.37531164e-06  7.90000000e-01  2.80538301e-01 
 2.37631164e-06  7.90000000e-01  2.80538326e-01 
 2.37731164e-06  7.90000000e-01  2.80538352e-01 
 2.37831164e-06  7.90000000e-01  2.80538377e-01 
 2.37931164e-06  7.90000000e-01  2.80538403e-01 
 2.38031164e-06  7.90000000e-01  2.80538430e-01 
 2.38131164e-06  7.90000000e-01  2.80538456e-01 
 2.38231164e-06  7.90000000e-01  2.80538483e-01 
 2.38331164e-06  7.90000000e-01  2.80538510e-01 
 2.38431164e-06  7.90000000e-01  2.80538537e-01 
 2.38531164e-06  7.90000000e-01  2.80538565e-01 
 2.38631164e-06  7.90000000e-01  2.80538592e-01 
 2.38731164e-06  7.90000000e-01  2.80538620e-01 
 2.38831164e-06  7.90000000e-01  2.80538648e-01 
 2.38931164e-06  7.90000000e-01  2.80538677e-01 
 2.39031164e-06  7.90000000e-01  2.80538705e-01 
 2.39131164e-06  7.90000000e-01  2.80538734e-01 
 2.39231164e-06  7.90000000e-01  2.80538763e-01 
 2.39331164e-06  7.90000000e-01  2.80538792e-01 
 2.39431164e-06  7.90000000e-01  2.80538821e-01 
 2.39531164e-06  7.90000000e-01  2.80538851e-01 
 2.39631164e-06  7.90000000e-01  2.80538881e-01 
 2.39731164e-06  7.90000000e-01  2.80538911e-01 
 2.39831164e-06  7.90000000e-01  2.80538941e-01 
 2.39931164e-06  7.90000000e-01  2.80538971e-01 
 2.40031164e-06  7.90000000e-01  2.80539002e-01 
 2.40131164e-06  7.90000000e-01  2.80539033e-01 
 2.40231164e-06  7.90000000e-01  2.80539064e-01 
 2.40331164e-06  7.90000000e-01  2.80539095e-01 
 2.40431164e-06  7.90000000e-01  2.80539126e-01 
 2.40531164e-06  7.90000000e-01  2.80539158e-01 
 2.40631164e-06  7.90000000e-01  2.80539189e-01 
 2.40731164e-06  7.90000000e-01  2.80539221e-01 
 2.40831164e-06  7.90000000e-01  2.80539253e-01 
 2.40931164e-06  7.90000000e-01  2.80539285e-01 
 2.41031164e-06  7.90000000e-01  2.80539318e-01 
 2.41131164e-06  7.90000000e-01  2.80539350e-01 
 2.41231164e-06  7.90000000e-01  2.80539383e-01 
 2.41331164e-06  7.90000000e-01  2.80539416e-01 
 2.41431164e-06  7.90000000e-01  2.80539449e-01 
 2.41531164e-06  7.90000000e-01  2.80539482e-01 
 2.41631164e-06  7.90000000e-01  2.80539515e-01 
 2.41731164e-06  7.90000000e-01  2.80539549e-01 
 2.41831164e-06  7.90000000e-01  2.80539582e-01 
 2.41931164e-06  7.90000000e-01  2.80539616e-01 
 2.42031164e-06  7.90000000e-01  2.80539650e-01 
 2.42131164e-06  7.90000000e-01  2.80539684e-01 
 2.42231164e-06  7.90000000e-01  2.80539718e-01 
 2.42331164e-06  7.90000000e-01  2.80539753e-01 
 2.42431164e-06  7.90000000e-01  2.80539787e-01 
 2.42531164e-06  7.90000000e-01  2.80539822e-01 
 2.42631164e-06  7.90000000e-01  2.80539856e-01 
 2.42731164e-06  7.90000000e-01  2.80539891e-01 
 2.42831164e-06  7.90000000e-01  2.80539926e-01 
 2.42931164e-06  7.90000000e-01  2.80539962e-01 
 2.43031164e-06  7.90000000e-01  2.80539997e-01 
 2.43131164e-06  7.90000000e-01  2.80540032e-01 
 2.43231164e-06  7.90000000e-01  2.80540068e-01 
 2.43331164e-06  7.90000000e-01  2.80540103e-01 
 2.43431164e-06  7.90000000e-01  2.80540139e-01 
 2.43531164e-06  7.90000000e-01  2.80540175e-01 
 2.43631164e-06  7.90000000e-01  2.80540211e-01 
 2.43731164e-06  7.90000000e-01  2.80540247e-01 
 2.43831164e-06  7.90000000e-01  2.80540283e-01 
 2.43931164e-06  7.90000000e-01  2.80540320e-01 
 2.44031164e-06  7.90000000e-01  2.80540356e-01 
 2.44131164e-06  7.90000000e-01  2.80540393e-01 
 2.44231164e-06  7.90000000e-01  2.80540429e-01 
 2.44331164e-06  7.90000000e-01  2.80540466e-01 
 2.44431164e-06  7.90000000e-01  2.80540503e-01 
 2.44531164e-06  7.90000000e-01  2.80540540e-01 
 2.44631164e-06  7.90000000e-01  2.80540577e-01 
 2.44731164e-06  7.90000000e-01  2.80540614e-01 
 2.44831164e-06  7.90000000e-01  2.80540651e-01 
 2.44931164e-06  7.90000000e-01  2.80540688e-01 
 2.45031164e-06  7.90000000e-01  2.80540726e-01 
 2.45131164e-06  7.90000000e-01  2.80540763e-01 
 2.45231164e-06  7.90000000e-01  2.80540801e-01 
 2.45331164e-06  7.90000000e-01  2.80540838e-01 
 2.45431164e-06  7.90000000e-01  2.80540876e-01 
 2.45531164e-06  7.90000000e-01  2.80540914e-01 
 2.45631164e-06  7.90000000e-01  2.80540952e-01 
 2.45731164e-06  7.90000000e-01  2.80540990e-01 
 2.45831164e-06  7.90000000e-01  2.80541028e-01 
 2.45931164e-06  7.90000000e-01  2.80541066e-01 
 2.46031164e-06  7.90000000e-01  2.80541104e-01 
 2.46131164e-06  7.90000000e-01  2.80541142e-01 
 2.46231164e-06  7.90000000e-01  2.80541180e-01 
 2.46331164e-06  7.90000000e-01  2.80541219e-01 
 2.46431164e-06  7.90000000e-01  2.80541257e-01 
 2.46531164e-06  7.90000000e-01  2.80541296e-01 
 2.46631164e-06  7.90000000e-01  2.80541334e-01 
 2.46731164e-06  7.90000000e-01  2.80541373e-01 
 2.46831164e-06  7.90000000e-01  2.80541411e-01 
 2.46931164e-06  7.90000000e-01  2.80541450e-01 
 2.47031164e-06  7.90000000e-01  2.80541489e-01 
 2.47131164e-06  7.90000000e-01  2.80541527e-01 
 2.47231164e-06  7.90000000e-01  2.80541566e-01 
 2.47331164e-06  7.90000000e-01  2.80541605e-01 
 2.47431164e-06  7.90000000e-01  2.80541644e-01 
 2.47531164e-06  7.90000000e-01  2.80541683e-01 
 2.47631164e-06  7.90000000e-01  2.80541722e-01 
 2.47731164e-06  7.90000000e-01  2.80541761e-01 
 2.47831164e-06  7.90000000e-01  2.80541800e-01 
 2.47931164e-06  7.90000000e-01  2.80541839e-01 
 2.48031164e-06  7.90000000e-01  2.80541878e-01 
 2.48131164e-06  7.90000000e-01  2.80541917e-01 
 2.48231164e-06  7.90000000e-01  2.80541957e-01 
 2.48331164e-06  7.90000000e-01  2.80541996e-01 
 2.48431164e-06  7.90000000e-01  2.80542035e-01 
 2.48531164e-06  7.90000000e-01  2.80542074e-01 
 2.48631164e-06  7.90000000e-01  2.80542114e-01 
 2.48731164e-06  7.90000000e-01  2.80542153e-01 
 2.48831164e-06  7.90000000e-01  2.80542192e-01 
 2.48931164e-06  7.90000000e-01  2.80542232e-01 
 2.49031164e-06  7.90000000e-01  2.80542271e-01 
 2.49131164e-06  7.90000000e-01  2.80542310e-01 
 2.49231164e-06  7.90000000e-01  2.80542350e-01 
 2.49331164e-06  7.90000000e-01  2.80542389e-01 
 2.49431164e-06  7.90000000e-01  2.80542428e-01 
 2.49531164e-06  7.90000000e-01  2.80542468e-01 
 2.49631164e-06  7.90000000e-01  2.80542507e-01 
 2.49731164e-06  7.90000000e-01  2.80542547e-01 
 2.49831164e-06  7.90000000e-01  2.80542586e-01 
 2.49931164e-06  7.90000000e-01  2.80542626e-01 
 2.50031164e-06  7.90000000e-01  2.80542665e-01 
 2.50131164e-06  7.90000000e-01  2.80542705e-01 
 2.50231164e-06  7.90000000e-01  2.80542744e-01 
 2.50331164e-06  7.90000000e-01  2.80542783e-01 
 2.50431164e-06  7.90000000e-01  2.80542823e-01 
 2.50531164e-06  7.90000000e-01  2.80542862e-01 
 2.50631164e-06  7.90000000e-01  2.80542902e-01 
 2.50731164e-06  7.90000000e-01  2.80542941e-01 
 2.50831164e-06  7.90000000e-01  2.80542981e-01 
 2.50931164e-06  7.90000000e-01  2.80543020e-01 
 2.51031164e-06  7.90000000e-01  2.80543059e-01 
 2.51131164e-06  7.90000000e-01  2.80543099e-01 
 2.51231164e-06  7.90000000e-01  2.80543138e-01 
 2.51331164e-06  7.90000000e-01  2.80543177e-01 
 2.51431164e-06  7.90000000e-01  2.80543217e-01 
 2.51531164e-06  7.90000000e-01  2.80543256e-01 
 2.51631164e-06  7.90000000e-01  2.80543295e-01 
 2.51731164e-06  7.90000000e-01  2.80543335e-01 
 2.51831164e-06  7.90000000e-01  2.80543374e-01 
 2.51931164e-06  7.90000000e-01  2.80543413e-01 
 2.52031164e-06  7.90000000e-01  2.80543452e-01 
 2.52131164e-06  7.90000000e-01  2.80543491e-01 
 2.52231164e-06  7.90000000e-01  2.80543531e-01 
 2.52331164e-06  7.90000000e-01  2.80543570e-01 
 2.52431164e-06  7.90000000e-01  2.80543609e-01 
 2.52531164e-06  7.90000000e-01  2.80543648e-01 
 2.52631164e-06  7.90000000e-01  2.80543687e-01 
 2.52731164e-06  7.90000000e-01  2.80543726e-01 
 2.52831164e-06  7.90000000e-01  2.80543765e-01 
 2.52931164e-06  7.90000000e-01  2.80543804e-01 
 2.53031164e-06  7.90000000e-01  2.80543842e-01 
 2.53131164e-06  7.90000000e-01  2.80543881e-01 
 2.53231164e-06  7.90000000e-01  2.80543920e-01 
 2.53331164e-06  7.90000000e-01  2.80543959e-01 
 2.53431164e-06  7.90000000e-01  2.80543998e-01 
 2.53531164e-06  7.90000000e-01  2.80544036e-01 
 2.53631164e-06  7.90000000e-01  2.80544075e-01 
 2.53731164e-06  7.90000000e-01  2.80544113e-01 
 2.53831164e-06  7.90000000e-01  2.80544152e-01 
 2.53931164e-06  7.90000000e-01  2.80544190e-01 
 2.54031164e-06  7.90000000e-01  2.80544229e-01 
 2.54131164e-06  7.90000000e-01  2.80544267e-01 
 2.54231164e-06  7.90000000e-01  2.80544305e-01 
 2.54331164e-06  7.90000000e-01  2.80544344e-01 
 2.54431164e-06  7.90000000e-01  2.80544382e-01 
 2.54531164e-06  7.90000000e-01  2.80544420e-01 
 2.54631164e-06  7.90000000e-01  2.80544458e-01 
 2.54731164e-06  7.90000000e-01  2.80544496e-01 
 2.54831164e-06  7.90000000e-01  2.80544534e-01 
 2.54931164e-06  7.90000000e-01  2.80544572e-01 
 2.55031164e-06  7.90000000e-01  2.80544610e-01 
 2.55131164e-06  7.90000000e-01  2.80544648e-01 
 2.55231164e-06  7.90000000e-01  2.80544686e-01 
 2.55331164e-06  7.90000000e-01  2.80544723e-01 
 2.55431164e-06  7.90000000e-01  2.80544761e-01 
 2.55531164e-06  7.90000000e-01  2.80544798e-01 
 2.55631164e-06  7.90000000e-01  2.80544836e-01 
 2.55731164e-06  7.90000000e-01  2.80544873e-01 
 2.55831164e-06  7.90000000e-01  2.80544911e-01 
 2.55931164e-06  7.90000000e-01  2.80544948e-01 
 2.56031164e-06  7.90000000e-01  2.80544985e-01 
 2.56131164e-06  7.90000000e-01  2.80545022e-01 
 2.56231164e-06  7.90000000e-01  2.80545059e-01 
 2.56331164e-06  7.90000000e-01  2.80545096e-01 
 2.56431164e-06  7.90000000e-01  2.80545133e-01 
 2.56531164e-06  7.90000000e-01  2.80545170e-01 
 2.56631164e-06  7.90000000e-01  2.80545207e-01 
 2.56731164e-06  7.90000000e-01  2.80545243e-01 
 2.56831164e-06  7.90000000e-01  2.80545280e-01 
 2.56931164e-06  7.90000000e-01  2.80545317e-01 
 2.57031164e-06  7.90000000e-01  2.80545353e-01 
 2.57131164e-06  7.90000000e-01  2.80545389e-01 
 2.57231164e-06  7.90000000e-01  2.80545426e-01 
 2.57331164e-06  7.90000000e-01  2.80545462e-01 
 2.57431164e-06  7.90000000e-01  2.80545498e-01 
 2.57531164e-06  7.90000000e-01  2.80545534e-01 
 2.57631164e-06  7.90000000e-01  2.80545570e-01 
 2.57731164e-06  7.90000000e-01  2.80545606e-01 
 2.57831164e-06  7.90000000e-01  2.80545642e-01 
 2.57931164e-06  7.90000000e-01  2.80545677e-01 
 2.58031164e-06  7.90000000e-01  2.80545713e-01 
 2.58131164e-06  7.90000000e-01  2.80545748e-01 
 2.58231164e-06  7.90000000e-01  2.80545784e-01 
 2.58331164e-06  7.90000000e-01  2.80545819e-01 
 2.58431164e-06  7.90000000e-01  2.80545854e-01 
 2.58531164e-06  7.90000000e-01  2.80545890e-01 
 2.58631164e-06  7.90000000e-01  2.80545925e-01 
 2.58731164e-06  7.90000000e-01  2.80545960e-01 
 2.58831164e-06  7.90000000e-01  2.80545995e-01 
 2.58931164e-06  7.90000000e-01  2.80546029e-01 
 2.59031164e-06  7.90000000e-01  2.80546064e-01 
 2.59131164e-06  7.90000000e-01  2.80546099e-01 
 2.59231164e-06  7.90000000e-01  2.80546133e-01 
 2.59331164e-06  7.90000000e-01  2.80546168e-01 
 2.59431164e-06  7.90000000e-01  2.80546202e-01 
 2.59531164e-06  7.90000000e-01  2.80546236e-01 
 2.59631164e-06  7.90000000e-01  2.80546270e-01 
 2.59731164e-06  7.90000000e-01  2.80546304e-01 
 2.59831164e-06  7.90000000e-01  2.80546338e-01 
 2.59931164e-06  7.90000000e-01  2.80546372e-01 
 2.60031164e-06  7.90000000e-01  2.80546406e-01 
 2.60131164e-06  7.90000000e-01  2.80546439e-01 
 2.60231164e-06  7.90000000e-01  2.80546473e-01 
 2.60331164e-06  7.90000000e-01  2.80546506e-01 
 2.60431164e-06  7.90000000e-01  2.80546539e-01 
 2.60531164e-06  7.90000000e-01  2.80546573e-01 
 2.60631164e-06  7.90000000e-01  2.80546606e-01 
 2.60731164e-06  7.90000000e-01  2.80546639e-01 
 2.60831164e-06  7.90000000e-01  2.80546671e-01 
 2.60931164e-06  7.90000000e-01  2.80546704e-01 
 2.61031164e-06  7.90000000e-01  2.80546737e-01 
 2.61131164e-06  7.90000000e-01  2.80546769e-01 
 2.61231164e-06  7.90000000e-01  2.80546802e-01 
 2.61331164e-06  7.90000000e-01  2.80546834e-01 
 2.61431164e-06  7.90000000e-01  2.80546866e-01 
 2.61531164e-06  7.90000000e-01  2.80546899e-01 
 2.61631164e-06  7.90000000e-01  2.80546931e-01 
 2.61731164e-06  7.90000000e-01  2.80546962e-01 
 2.61831164e-06  7.90000000e-01  2.80546994e-01 
 2.61931164e-06  7.90000000e-01  2.80547026e-01 
 2.62031164e-06  7.90000000e-01  2.80547057e-01 
 2.62131164e-06  7.90000000e-01  2.80547089e-01 
 2.62231164e-06  7.90000000e-01  2.80547120e-01 
 2.62331164e-06  7.90000000e-01  2.80547151e-01 
 2.62431164e-06  7.90000000e-01  2.80547183e-01 
 2.62531164e-06  7.90000000e-01  2.80547214e-01 
 2.62631164e-06  7.90000000e-01  2.80547244e-01 
 2.62731164e-06  7.90000000e-01  2.80547275e-01 
 2.62831164e-06  7.90000000e-01  2.80547306e-01 
 2.62931164e-06  7.90000000e-01  2.80547336e-01 
 2.63031164e-06  7.90000000e-01  2.80547367e-01 
 2.63131164e-06  7.90000000e-01  2.80547397e-01 
 2.63231164e-06  7.90000000e-01  2.80547427e-01 
 2.63331164e-06  7.90000000e-01  2.80547457e-01 
 2.63431164e-06  7.90000000e-01  2.80547487e-01 
 2.63531164e-06  7.90000000e-01  2.80547517e-01 
 2.63631164e-06  7.90000000e-01  2.80547547e-01 
 2.63731164e-06  7.90000000e-01  2.80547576e-01 
 2.63831164e-06  7.90000000e-01  2.80547606e-01 
 2.63931164e-06  7.90000000e-01  2.80547635e-01 
 2.64031164e-06  7.90000000e-01  2.80547664e-01 
 2.64131164e-06  7.90000000e-01  2.80547693e-01 
 2.64231164e-06  7.90000000e-01  2.80547722e-01 
 2.64331164e-06  7.90000000e-01  2.80547751e-01 
 2.64431164e-06  7.90000000e-01  2.80547780e-01 
 2.64531164e-06  7.90000000e-01  2.80547809e-01 
 2.64631164e-06  7.90000000e-01  2.80547837e-01 
 2.64731164e-06  7.90000000e-01  2.80547865e-01 
 2.64831164e-06  7.90000000e-01  2.80547894e-01 
 2.64931164e-06  7.90000000e-01  2.80547922e-01 
 2.65031164e-06  7.90000000e-01  2.80547950e-01 
 2.65131164e-06  7.90000000e-01  2.80547978e-01 
 2.65231164e-06  7.90000000e-01  2.80548005e-01 
 2.65331164e-06  7.90000000e-01  2.80548033e-01 
 2.65431164e-06  7.90000000e-01  2.80548060e-01 
 2.65531164e-06  7.90000000e-01  2.80548088e-01 
 2.65631164e-06  7.90000000e-01  2.80548115e-01 
 2.65731164e-06  7.90000000e-01  2.80548142e-01 
 2.65831164e-06  7.90000000e-01  2.80548169e-01 
 2.65931164e-06  7.90000000e-01  2.80548196e-01 
 2.66031164e-06  7.90000000e-01  2.80548223e-01 
 2.66131164e-06  7.90000000e-01  2.80548249e-01 
 2.66231164e-06  7.90000000e-01  2.80548276e-01 
 2.66331164e-06  7.90000000e-01  2.80548302e-01 
 2.66431164e-06  7.90000000e-01  2.80548328e-01 
 2.66531164e-06  7.90000000e-01  2.80548355e-01 
 2.66631164e-06  7.90000000e-01  2.80548380e-01 
 2.66731164e-06  7.90000000e-01  2.80548406e-01 
 2.66831164e-06  7.90000000e-01  2.80548432e-01 
 2.66931164e-06  7.90000000e-01  2.80548458e-01 
 2.67031164e-06  7.90000000e-01  2.80548483e-01 
 2.67131164e-06  7.90000000e-01  2.80548508e-01 
 2.67231164e-06  7.90000000e-01  2.80548534e-01 
 2.67331164e-06  7.90000000e-01  2.80548559e-01 
 2.67431164e-06  7.90000000e-01  2.80548584e-01 
 2.67531164e-06  7.90000000e-01  2.80548609e-01 
 2.67631164e-06  7.90000000e-01  2.80548633e-01 
 2.67731164e-06  7.90000000e-01  2.80548658e-01 
 2.67831164e-06  7.90000000e-01  2.80548682e-01 
 2.67931164e-06  7.90000000e-01  2.80548707e-01 
 2.68031164e-06  7.90000000e-01  2.80548731e-01 
 2.68131164e-06  7.90000000e-01  2.80548755e-01 
 2.68231164e-06  7.90000000e-01  2.80548779e-01 
 2.68331164e-06  7.90000000e-01  2.80548802e-01 
 2.68431164e-06  7.90000000e-01  2.80548826e-01 
 2.68531164e-06  7.90000000e-01  2.80548850e-01 
 2.68631164e-06  7.90000000e-01  2.80548873e-01 
 2.68731164e-06  7.90000000e-01  2.80548896e-01 
 2.68831164e-06  7.90000000e-01  2.80548919e-01 
 2.68931164e-06  7.90000000e-01  2.80548942e-01 
 2.69031164e-06  7.90000000e-01  2.80548965e-01 
 2.69131164e-06  7.90000000e-01  2.80548988e-01 
 2.69231164e-06  7.90000000e-01  2.80549011e-01 
 2.69331164e-06  7.90000000e-01  2.80549033e-01 
 2.69431164e-06  7.90000000e-01  2.80549056e-01 
 2.69531164e-06  7.90000000e-01  2.80549078e-01 
 2.69631164e-06  7.90000000e-01  2.80549100e-01 
 2.69731164e-06  7.90000000e-01  2.80549122e-01 
 2.69831164e-06  7.90000000e-01  2.80549144e-01 
 2.69931164e-06  7.90000000e-01  2.80549165e-01 
 2.70031164e-06  7.90000000e-01  2.80549187e-01 
 2.70131164e-06  7.90000000e-01  2.80549208e-01 
 2.70231164e-06  7.90000000e-01  2.80549230e-01 
 2.70331164e-06  7.90000000e-01  2.80549251e-01 
 2.70431164e-06  7.90000000e-01  2.80549272e-01 
 2.70531164e-06  7.90000000e-01  2.80549293e-01 
 2.70631164e-06  7.90000000e-01  2.80549314e-01 
 2.70731164e-06  7.90000000e-01  2.80549334e-01 
 2.70831164e-06  7.90000000e-01  2.80549355e-01 
 2.70931164e-06  7.90000000e-01  2.80549375e-01 
 2.71031164e-06  7.90000000e-01  2.80549396e-01 
 2.71131164e-06  7.90000000e-01  2.80549416e-01 
 2.71231164e-06  7.90000000e-01  2.80549436e-01 
 2.71331164e-06  7.90000000e-01  2.80549456e-01 
 2.71431164e-06  7.90000000e-01  2.80549475e-01 
 2.71531164e-06  7.90000000e-01  2.80549495e-01 
 2.71631164e-06  7.90000000e-01  2.80549514e-01 
 2.71731164e-06  7.90000000e-01  2.80549534e-01 
 2.71831164e-06  7.90000000e-01  2.80549553e-01 
 2.71931164e-06  7.90000000e-01  2.80549572e-01 
 2.72031164e-06  7.90000000e-01  2.80549591e-01 
 2.72131164e-06  7.90000000e-01  2.80549610e-01 
 2.72231164e-06  7.90000000e-01  2.80549629e-01 
 2.72331164e-06  7.90000000e-01  2.80549647e-01 
 2.72431164e-06  7.90000000e-01  2.80549666e-01 
 2.72531164e-06  7.90000000e-01  2.80549684e-01 
 2.72631164e-06  7.90000000e-01  2.80549702e-01 
 2.72731164e-06  7.90000000e-01  2.80549720e-01 
 2.72831164e-06  7.90000000e-01  2.80549738e-01 
 2.72931164e-06  7.90000000e-01  2.80549756e-01 
 2.73031164e-06  7.90000000e-01  2.80549774e-01 
 2.73131164e-06  7.90000000e-01  2.80549791e-01 
 2.73231164e-06  7.90000000e-01  2.80549809e-01 
 2.73331164e-06  7.90000000e-01  2.80549826e-01 
 2.73431164e-06  7.90000000e-01  2.80549843e-01 
 2.73531164e-06  7.90000000e-01  2.80549860e-01 
 2.73631164e-06  7.90000000e-01  2.80549877e-01 
 2.73731164e-06  7.90000000e-01  2.80549894e-01 
 2.73831164e-06  7.90000000e-01  2.80549911e-01 
 2.73931164e-06  7.90000000e-01  2.80549927e-01 
 2.74031164e-06  7.90000000e-01  2.80549944e-01 
 2.74131164e-06  7.90000000e-01  2.80549960e-01 
 2.74231164e-06  7.90000000e-01  2.80549976e-01 
 2.74331164e-06  7.90000000e-01  2.80549992e-01 
 2.74431164e-06  7.90000000e-01  2.80550008e-01 
 2.74531164e-06  7.90000000e-01  2.80550024e-01 
 2.74631164e-06  7.90000000e-01  2.80550039e-01 
 2.74731164e-06  7.90000000e-01  2.80550055e-01 
 2.74831164e-06  7.90000000e-01  2.80550070e-01 
 2.74931164e-06  7.90000000e-01  2.80550086e-01 
 2.75031164e-06  7.90000000e-01  2.80550101e-01 
 2.75131164e-06  7.90000000e-01  2.80550116e-01 
 2.75231164e-06  7.90000000e-01  2.80550131e-01 
 2.75331164e-06  7.90000000e-01  2.80550146e-01 
 2.75431164e-06  7.90000000e-01  2.80550160e-01 
 2.75531164e-06  7.90000000e-01  2.80550175e-01 
 2.75631164e-06  7.90000000e-01  2.80550189e-01 
 2.75731164e-06  7.90000000e-01  2.80550203e-01 
 2.75831164e-06  7.90000000e-01  2.80550218e-01 
 2.75931164e-06  7.90000000e-01  2.80550232e-01 
 2.76031164e-06  7.90000000e-01  2.80550246e-01 
 2.76131164e-06  7.90000000e-01  2.80550259e-01 
 2.76231164e-06  7.90000000e-01  2.80550273e-01 
 2.76331164e-06  7.90000000e-01  2.80550287e-01 
 2.76431164e-06  7.90000000e-01  2.80550300e-01 
 2.76531164e-06  7.90000000e-01  2.80550313e-01 
 2.76631164e-06  7.90000000e-01  2.80550327e-01 
 2.76731164e-06  7.90000000e-01  2.80550340e-01 
 2.76831164e-06  7.90000000e-01  2.80550353e-01 
 2.76931164e-06  7.90000000e-01  2.80550365e-01 
 2.77031164e-06  7.90000000e-01  2.80550378e-01 
 2.77131164e-06  7.90000000e-01  2.80550391e-01 
 2.77231164e-06  7.90000000e-01  2.80550403e-01 
 2.77331164e-06  7.90000000e-01  2.80550415e-01 
 2.77431164e-06  7.90000000e-01  2.80550428e-01 
 2.77531164e-06  7.90000000e-01  2.80550440e-01 
 2.77631164e-06  7.90000000e-01  2.80550452e-01 
 2.77731164e-06  7.90000000e-01  2.80550464e-01 
 2.77831164e-06  7.90000000e-01  2.80550475e-01 
 2.77931164e-06  7.90000000e-01  2.80550487e-01 
 2.78031164e-06  7.90000000e-01  2.80550499e-01 
 2.78131164e-06  7.90000000e-01  2.80550510e-01 
 2.78231164e-06  7.90000000e-01  2.80550521e-01 
 2.78331164e-06  7.90000000e-01  2.80550532e-01 
 2.78431164e-06  7.90000000e-01  2.80550543e-01 
 2.78531164e-06  7.90000000e-01  2.80550554e-01 
 2.78631164e-06  7.90000000e-01  2.80550565e-01 
 2.78731164e-06  7.90000000e-01  2.80550576e-01 
 2.78831164e-06  7.90000000e-01  2.80550586e-01 
 2.78931164e-06  7.90000000e-01  2.80550597e-01 
 2.79031164e-06  7.90000000e-01  2.80550607e-01 
 2.79131164e-06  7.90000000e-01  2.80550618e-01 
 2.79231164e-06  7.90000000e-01  2.80550628e-01 
 2.79331164e-06  7.90000000e-01  2.80550638e-01 
 2.79431164e-06  7.90000000e-01  2.80550648e-01 
 2.79531164e-06  7.90000000e-01  2.80550657e-01 
 2.79631164e-06  7.90000000e-01  2.80550667e-01 
 2.79731164e-06  7.90000000e-01  2.80550677e-01 
 2.79831164e-06  7.90000000e-01  2.80550686e-01 
 2.79931164e-06  7.90000000e-01  2.80550695e-01 
 2.80031164e-06  7.90000000e-01  2.80550705e-01 
 2.80131164e-06  7.90000000e-01  2.80550714e-01 
 2.80231164e-06  7.90000000e-01  2.80550723e-01 
 2.80331164e-06  7.90000000e-01  2.80550732e-01 
 2.80431164e-06  7.90000000e-01  2.80550740e-01 
 2.80531164e-06  7.90000000e-01  2.80550749e-01 
 2.80631164e-06  7.90000000e-01  2.80550758e-01 
 2.80731164e-06  7.90000000e-01  2.80550766e-01 
 2.80831164e-06  7.90000000e-01  2.80550775e-01 
 2.80931164e-06  7.90000000e-01  2.80550783e-01 
 2.81031164e-06  7.90000000e-01  2.80550791e-01 
 2.81131164e-06  7.90000000e-01  2.80550799e-01 
 2.81231164e-06  7.90000000e-01  2.80550807e-01 
 2.81331164e-06  7.90000000e-01  2.80550815e-01 
 2.81431164e-06  7.90000000e-01  2.80550822e-01 
 2.81531164e-06  7.90000000e-01  2.80550830e-01 
 2.81631164e-06  7.90000000e-01  2.80550838e-01 
 2.81731164e-06  7.90000000e-01  2.80550845e-01 
 2.81831164e-06  7.90000000e-01  2.80550852e-01 
 2.81931164e-06  7.90000000e-01  2.80550859e-01 
 2.82031164e-06  7.90000000e-01  2.80550867e-01 
 2.82131164e-06  7.90000000e-01  2.80550874e-01 
 2.82231164e-06  7.90000000e-01  2.80550880e-01 
 2.82331164e-06  7.90000000e-01  2.80550887e-01 
 2.82431164e-06  7.90000000e-01  2.80550894e-01 
 2.82531164e-06  7.90000000e-01  2.80550900e-01 
 2.82631164e-06  7.90000000e-01  2.80550907e-01 
 2.82731164e-06  7.90000000e-01  2.80550913e-01 
 2.82831164e-06  7.90000000e-01  2.80550919e-01 
 2.82931164e-06  7.90000000e-01  2.80550926e-01 
 2.83031164e-06  7.90000000e-01  2.80550932e-01 
 2.83131164e-06  7.90000000e-01  2.80550938e-01 
 2.83231164e-06  7.90000000e-01  2.80550944e-01 
 2.83331164e-06  7.90000000e-01  2.80550949e-01 
 2.83431164e-06  7.90000000e-01  2.80550955e-01 
 2.83531164e-06  7.90000000e-01  2.80550961e-01 
 2.83631164e-06  7.90000000e-01  2.80550966e-01 
 2.83731164e-06  7.90000000e-01  2.80550971e-01 
 2.83831164e-06  7.90000000e-01  2.80550977e-01 
 2.83931164e-06  7.90000000e-01  2.80550982e-01 
 2.84031164e-06  7.90000000e-01  2.80550987e-01 
 2.84131164e-06  7.90000000e-01  2.80550992e-01 
 2.84231164e-06  7.90000000e-01  2.80550997e-01 
 2.84331164e-06  7.90000000e-01  2.80551002e-01 
 2.84431164e-06  7.90000000e-01  2.80551006e-01 
 2.84531164e-06  7.90000000e-01  2.80551011e-01 
 2.84631164e-06  7.90000000e-01  2.80551015e-01 
 2.84731164e-06  7.90000000e-01  2.80551020e-01 
 2.84831164e-06  7.90000000e-01  2.80551024e-01 
 2.84931164e-06  7.90000000e-01  2.80551028e-01 
 2.85031164e-06  7.90000000e-01  2.80551033e-01 
 2.85131164e-06  7.90000000e-01  2.80551037e-01 
 2.85231164e-06  7.90000000e-01  2.80551041e-01 
 2.85331164e-06  7.90000000e-01  2.80551045e-01 
 2.85431164e-06  7.90000000e-01  2.80551048e-01 
 2.85531164e-06  7.90000000e-01  2.80551052e-01 
 2.85631164e-06  7.90000000e-01  2.80551056e-01 
 2.85731164e-06  7.90000000e-01  2.80551059e-01 
 2.85831164e-06  7.90000000e-01  2.80551063e-01 
 2.85931164e-06  7.90000000e-01  2.80551066e-01 
 2.86031164e-06  7.90000000e-01  2.80551069e-01 
 2.86131164e-06  7.90000000e-01  2.80551072e-01 
 2.86231164e-06  7.90000000e-01  2.80551075e-01 
 2.86331164e-06  7.90000000e-01  2.80551078e-01 
 2.86431164e-06  7.90000000e-01  2.80551081e-01 
 2.86531164e-06  7.90000000e-01  2.80551084e-01 
 2.86631164e-06  7.90000000e-01  2.80551087e-01 
 2.86731164e-06  7.90000000e-01  2.80551089e-01 
 2.86831164e-06  7.90000000e-01  2.80551092e-01 
 2.86931164e-06  7.90000000e-01  2.80551094e-01 
 2.87031164e-06  7.90000000e-01  2.80551097e-01 
 2.87131164e-06  7.90000000e-01  2.80551099e-01 
 2.87231164e-06  7.90000000e-01  2.80551101e-01 
 2.87331164e-06  7.90000000e-01  2.80551103e-01 
 2.87431164e-06  7.90000000e-01  2.80551106e-01 
 2.87531164e-06  7.90000000e-01  2.80551108e-01 
 2.87631164e-06  7.90000000e-01  2.80551109e-01 
 2.87731164e-06  7.90000000e-01  2.80551111e-01 
 2.87831164e-06  7.90000000e-01  2.80551113e-01 
 2.87931164e-06  7.90000000e-01  2.80551115e-01 
 2.88031164e-06  7.90000000e-01  2.80551116e-01 
 2.88131164e-06  7.90000000e-01  2.80551118e-01 
 2.88231164e-06  7.90000000e-01  2.80551119e-01 
 2.88331164e-06  7.90000000e-01  2.80551120e-01 
 2.88431164e-06  7.90000000e-01  2.80551122e-01 
 2.88531164e-06  7.90000000e-01  2.80551123e-01 
 2.88631164e-06  7.90000000e-01  2.80551124e-01 
 2.88731164e-06  7.90000000e-01  2.80551125e-01 
 2.88831164e-06  7.90000000e-01  2.80551126e-01 
 2.88931164e-06  7.90000000e-01  2.80551127e-01 
 2.89031164e-06  7.90000000e-01  2.80551128e-01 
 2.89131164e-06  7.90000000e-01  2.80551128e-01 
 2.89231164e-06  7.90000000e-01  2.80551129e-01 
 2.89331164e-06  7.90000000e-01  2.80551130e-01 
 2.89431164e-06  7.90000000e-01  2.80551130e-01 
 2.89531164e-06  7.90000000e-01  2.80551131e-01 
 2.89631164e-06  7.90000000e-01  2.80551131e-01 
 2.89731164e-06  7.90000000e-01  2.80551131e-01 
 2.89831164e-06  7.90000000e-01  2.80551131e-01 
 2.89931164e-06  7.90000000e-01  2.80551132e-01 
 2.90031164e-06  7.90000000e-01  2.80551132e-01 
 2.90131164e-06  7.90000000e-01  2.80551132e-01 
 2.90231164e-06  7.90000000e-01  2.80551132e-01 
 2.90331164e-06  7.90000000e-01  2.80551131e-01 
 2.90431164e-06  7.90000000e-01  2.80551131e-01 
 2.90531164e-06  7.90000000e-01  2.80551131e-01 
 2.90631164e-06  7.90000000e-01  2.80551131e-01 
 2.90731164e-06  7.90000000e-01  2.80551130e-01 
 2.90831164e-06  7.90000000e-01  2.80551130e-01 
 2.90931164e-06  7.90000000e-01  2.80551129e-01 
 2.91031164e-06  7.90000000e-01  2.80551129e-01 
 2.91131164e-06  7.90000000e-01  2.80551128e-01 
 2.91231164e-06  7.90000000e-01  2.80551127e-01 
 2.91331164e-06  7.90000000e-01  2.80551126e-01 
 2.91431164e-06  7.90000000e-01  2.80551126e-01 
 2.91531164e-06  7.90000000e-01  2.80551125e-01 
 2.91631164e-06  7.90000000e-01  2.80551124e-01 
 2.91731164e-06  7.90000000e-01  2.80551123e-01 
 2.91831164e-06  7.90000000e-01  2.80551121e-01 
 2.91931164e-06  7.90000000e-01  2.80551120e-01 
 2.92031164e-06  7.90000000e-01  2.80551119e-01 
 2.92131164e-06  7.90000000e-01  2.80551118e-01 
 2.92231164e-06  7.90000000e-01  2.80551116e-01 
 2.92331164e-06  7.90000000e-01  2.80551115e-01 
 2.92431164e-06  7.90000000e-01  2.80551113e-01 
 2.92531164e-06  7.90000000e-01  2.80551112e-01 
 2.92631164e-06  7.90000000e-01  2.80551110e-01 
 2.92731164e-06  7.90000000e-01  2.80551108e-01 
 2.92831164e-06  7.90000000e-01  2.80551107e-01 
 2.92931164e-06  7.90000000e-01  2.80551105e-01 
 2.93031164e-06  7.90000000e-01  2.80551103e-01 
 2.93131164e-06  7.90000000e-01  2.80551101e-01 
 2.93231164e-06  7.90000000e-01  2.80551099e-01 
 2.93331164e-06  7.90000000e-01  2.80551097e-01 
 2.93431164e-06  7.90000000e-01  2.80551095e-01 
 2.93531164e-06  7.90000000e-01  2.80551093e-01 
 2.93631164e-06  7.90000000e-01  2.80551091e-01 
 2.93731164e-06  7.90000000e-01  2.80551089e-01 
 2.93831164e-06  7.90000000e-01  2.80551086e-01 
 2.93931164e-06  7.90000000e-01  2.80551084e-01 
 2.94031164e-06  7.90000000e-01  2.80551081e-01 
 2.94131164e-06  7.90000000e-01  2.80551079e-01 
 2.94231164e-06  7.90000000e-01  2.80551076e-01 
 2.94331164e-06  7.90000000e-01  2.80551074e-01 
 2.94431164e-06  7.90000000e-01  2.80551071e-01 
 2.94531164e-06  7.90000000e-01  2.80551069e-01 
 2.94631164e-06  7.90000000e-01  2.80551066e-01 
 2.94731164e-06  7.90000000e-01  2.80551063e-01 
 2.94831164e-06  7.90000000e-01  2.80551060e-01 
 2.94931164e-06  7.90000000e-01  2.80551057e-01 
 2.95031164e-06  7.90000000e-01  2.80551054e-01 
 2.95131164e-06  7.90000000e-01  2.80551051e-01 
 2.95231164e-06  7.90000000e-01  2.80551048e-01 
 2.95331164e-06  7.90000000e-01  2.80551045e-01 
 2.95431164e-06  7.90000000e-01  2.80551042e-01 
 2.95531164e-06  7.90000000e-01  2.80551039e-01 
 2.95631164e-06  7.90000000e-01  2.80551036e-01 
 2.95731164e-06  7.90000000e-01  2.80551033e-01 
 2.95831164e-06  7.90000000e-01  2.80551029e-01 
 2.95931164e-06  7.90000000e-01  2.80551026e-01 
 2.96031164e-06  7.90000000e-01  2.80551023e-01 
 2.96131164e-06  7.90000000e-01  2.80551019e-01 
 2.96231164e-06  7.90000000e-01  2.80551016e-01 
 2.96331164e-06  7.90000000e-01  2.80551012e-01 
 2.96431164e-06  7.90000000e-01  2.80551009e-01 
 2.96531164e-06  7.90000000e-01  2.80551005e-01 
 2.96631164e-06  7.90000000e-01  2.80551001e-01 
 2.96731164e-06  7.90000000e-01  2.80550998e-01 
 2.96831164e-06  7.90000000e-01  2.80550994e-01 
 2.96931164e-06  7.90000000e-01  2.80550990e-01 
 2.97031164e-06  7.90000000e-01  2.80550986e-01 
 2.97131164e-06  7.90000000e-01  2.80550982e-01 
 2.97231164e-06  7.90000000e-01  2.80550978e-01 
 2.97331164e-06  7.90000000e-01  2.80550974e-01 
 2.97431164e-06  7.90000000e-01  2.80550970e-01 
 2.97531164e-06  7.90000000e-01  2.80550966e-01 
 2.97631164e-06  7.90000000e-01  2.80550962e-01 
 2.97731164e-06  7.90000000e-01  2.80550958e-01 
 2.97831164e-06  7.90000000e-01  2.80550954e-01 
 2.97931164e-06  7.90000000e-01  2.80550950e-01 
 2.98031164e-06  7.90000000e-01  2.80550946e-01 
 2.98131164e-06  7.90000000e-01  2.80550941e-01 
 2.98231164e-06  7.90000000e-01  2.80550937e-01 
 2.98331164e-06  7.90000000e-01  2.80550933e-01 
 2.98431164e-06  7.90000000e-01  2.80550928e-01 
 2.98531164e-06  7.90000000e-01  2.80550924e-01 
 2.98631164e-06  7.90000000e-01  2.80550919e-01 
 2.98731164e-06  7.90000000e-01  2.80550915e-01 
 2.98831164e-06  7.90000000e-01  2.80550910e-01 
 2.98931164e-06  7.90000000e-01  2.80550906e-01 
 2.99031164e-06  7.90000000e-01  2.80550901e-01 
 2.99131164e-06  7.90000000e-01  2.80550897e-01 
 2.99231164e-06  7.90000000e-01  2.80550892e-01 
 2.99331164e-06  7.90000000e-01  2.80550887e-01 
 2.99431164e-06  7.90000000e-01  2.80550883e-01 
 2.99531164e-06  7.90000000e-01  2.80550878e-01 
 2.99631164e-06  7.90000000e-01  2.80550873e-01 
 2.99731164e-06  7.90000000e-01  2.80550868e-01 
 2.99831164e-06  7.90000000e-01  2.80550863e-01 
 2.99931164e-06  7.90000000e-01  2.80550859e-01 
 3.00000000e-06  7.90000000e-01  2.80550855e-01 
